video_name,video_path,xl_name,xl_path,power_mW,x_resolution,x_error,y_resolution,y_error,video_id
15.5,C:\Users\michris\Desktop\xy_early_prediction\data\Early prediction\Video\#250617Video(14-21)#\15.5.mp4,"3-15_5,1000.xlsx","C:\Users\michris\Desktop\xy_early_prediction\data\Early prediction\Imaj\1#250617_x10000_15-21@\3-15_5,1000.xlsx",15.5,0.9111904761904762,0.0199314300731759,0.8204761904761907,0.0126396955960934,#250617Video(14-21)#\15.5
15,C:\Users\michris\Desktop\xy_early_prediction\data\Early prediction\Video\#250617Video(14-21)#\15.mp4,"2-15,1000.xlsx","C:\Users\michris\Desktop\xy_early_prediction\data\Early prediction\Imaj\1#250617_x10000_15-21@\2-15,1000.xlsx",15.0,0.8900000000000002,0.017392527130926,0.8059523809523812,0.0183452342325634,#250617Video(14-21)#\15
16.5,C:\Users\michris\Desktop\xy_early_prediction\data\Early prediction\Video\#250617Video(14-21)#\16.5.mp4,"5-16_5,1000.xlsx","C:\Users\michris\Desktop\xy_early_prediction\data\Early prediction\Imaj\1#250617_x10000_15-21@\5-16_5,1000.xlsx",16.5,0.9254761904761905,0.0195515192443427,0.8616666666666668,0.0195149515329486,#250617Video(14-21)#\16.5
16,C:\Users\michris\Desktop\xy_early_prediction\data\Early prediction\Video\#250617Video(14-21)#\16.mp4,"4-16,1000.xlsx","C:\Users\michris\Desktop\xy_early_prediction\data\Early prediction\Imaj\1#250617_x10000_15-21@\4-16,1000.xlsx",16.0,0.917809523809524,0.0176681041643381,0.8486190476190477,0.0117918454470714,#250617Video(14-21)#\16
17.5,C:\Users\michris\Desktop\xy_early_prediction\data\Early prediction\Video\#250617Video(14-21)#\17.5.mp4,"7-17_5,1000.xlsx","C:\Users\michris\Desktop\xy_early_prediction\data\Early prediction\Imaj\1#250617_x10000_15-21@\7-17_5,1000.xlsx",17.5,0.9650476190476192,0.0238651968156061,0.9054761904761904,0.0154842469872417,#250617Video(14-21)#\17.5
17,C:\Users\michris\Desktop\xy_early_prediction\data\Early prediction\Video\#250617Video(14-21)#\17.mp4,"6-17,1000.xlsx","C:\Users\michris\Desktop\xy_early_prediction\data\Early prediction\Imaj\1#250617_x10000_15-21@\6-17,1000.xlsx",17.0,0.9481904761904758,0.0183483488293062,0.8909047619047619,0.014338426559092,#250617Video(14-21)#\17
"18,5","C:\Users\michris\Desktop\xy_early_prediction\data\Early prediction\Video\#250617Video(14-21)#\18,5.mp4","9-18_5,1000.xlsx","C:\Users\michris\Desktop\xy_early_prediction\data\Early prediction\Imaj\1#250617_x10000_15-21@\9-18_5,1000.xlsx",18.5,0.9959523809523808,0.0161724339246638,0.931904761904762,0.0154496108750503,"#250617Video(14-21)#\18,5"
18,C:\Users\michris\Desktop\xy_early_prediction\data\Early prediction\Video\#250617Video(14-21)#\18.mp4,"8-18,1000.xlsx","C:\Users\michris\Desktop\xy_early_prediction\data\Early prediction\Imaj\1#250617_x10000_15-21@\8-18,1000.xlsx",18.0,0.9759523809523808,0.0083094896983881,0.928333333333333,0.0142594997574715,#250617Video(14-21)#\18
"19,5","C:\Users\michris\Desktop\xy_early_prediction\data\Early prediction\Video\#250617Video(14-21)#\19,5.mp4","11-19_5,1000.xlsx","C:\Users\michris\Desktop\xy_early_prediction\data\Early prediction\Imaj\1#250617_x10000_15-21@\11-19_5,1000.xlsx",19.5,1.0273809523809525,0.0135664151140829,0.9473809523809524,0.0168537123224415,"#250617Video(14-21)#\19,5"
19,C:\Users\michris\Desktop\xy_early_prediction\data\Early prediction\Video\#250617Video(14-21)#\19.mp4,"10-19,1000.xlsx","C:\Users\michris\Desktop\xy_early_prediction\data\Early prediction\Imaj\1#250617_x10000_15-21@\10-19,1000.xlsx",19.0,1.018333333333333,0.0093985814532477,0.9397619047619048,0.0094175621150314,#250617Video(14-21)#\19
"20,5","C:\Users\michris\Desktop\xy_early_prediction\data\Early prediction\Video\#250617Video(14-21)#\20,5.mp4","13-20_5,1000.xlsx","C:\Users\michris\Desktop\xy_early_prediction\data\Early prediction\Imaj\1#250617_x10000_15-21@\13-20_5,1000.xlsx",20.5,1.0703809523809529,0.0209152484816131,0.971,0.0202977831301844,"#250617Video(14-21)#\20,5"
20,C:\Users\michris\Desktop\xy_early_prediction\data\Early prediction\Video\#250617Video(14-21)#\20.mp4,"12-20,1000.xlsx","C:\Users\michris\Desktop\xy_early_prediction\data\Early prediction\Imaj\1#250617_x10000_15-21@\12-20,1000.xlsx",20.0,1.038142857142857,0.0164599080018258,0.9619523809523808,0.0070390069645951,#250617Video(14-21)#\20
21,C:\Users\michris\Desktop\xy_early_prediction\data\Early prediction\Video\#250617Video(14-21)#\21.mp4,"14-21,1000.xlsx","C:\Users\michris\Desktop\xy_early_prediction\data\Early prediction\Imaj\1#250617_x10000_15-21@\14-21,1000.xlsx",21.0,1.0971904761904765,0.0241176678964178,0.975,0.0221923410211721,#250617Video(14-21)#\21
"10,5","C:\Users\michris\Desktop\xy_early_prediction\data\Early prediction\Video\#250627Video(3-15)#\10,5.mp4","10-10_5,1000.xlsx","C:\Users\michris\Desktop\xy_early_prediction\data\Early prediction\Imaj\4#250627_x10000_15-3@\10-10_5,1000.xlsx",10.5,0.8077142857142858,0.0138063132556915,0.7128571428571429,0.0199105140925233,"#250627Video(3-15)#\10,5"
10,C:\Users\michris\Desktop\xy_early_prediction\data\Early prediction\Video\#250627Video(3-15)#\10.mp4,"11-10,1000.xlsx","C:\Users\michris\Desktop\xy_early_prediction\data\Early prediction\Imaj\4#250627_x10000_15-3@\11-10,1000.xlsx",10.0,0.7857142857142857,0.0122765746735107,0.6947619047619046,0.0126960811351564,#250627Video(3-15)#\10
11.5,C:\Users\michris\Desktop\xy_early_prediction\data\Early prediction\Video\#250627Video(3-15)#\11.5.mp4,"8-11_5,1000.xlsx","C:\Users\michris\Desktop\xy_early_prediction\data\Early prediction\Imaj\4#250627_x10000_15-3@\8-11_5,1000.xlsx",11.5,0.8294285714285715,0.0078458360202812,0.7373809523809524,0.0171478167428865,#250627Video(3-15)#\11.5
11,C:\Users\michris\Desktop\xy_early_prediction\data\Early prediction\Video\#250627Video(3-15)#\11.mp4,"9-11,1000.xlsx","C:\Users\michris\Desktop\xy_early_prediction\data\Early prediction\Imaj\4#250627_x10000_15-3@\9-11,1000.xlsx",11.0,0.8135714285714286,0.0135224680756562,0.7188095238095238,0.0167260845616033,#250627Video(3-15)#\11
"12,5","C:\Users\michris\Desktop\xy_early_prediction\data\Early prediction\Video\#250627Video(3-15)#\12,5.mp4","6-12_5,1000.xlsx","C:\Users\michris\Desktop\xy_early_prediction\data\Early prediction\Imaj\4#250627_x10000_15-3@\6-12_5,1000.xlsx",12.5,0.8583333333333333,0.0131656117720876,0.76,0.0096176920308356,"#250627Video(3-15)#\12,5"
12,C:\Users\michris\Desktop\xy_early_prediction\data\Early prediction\Video\#250627Video(3-15)#\12.mp4,"7-12,1000.xlsx","C:\Users\michris\Desktop\xy_early_prediction\data\Early prediction\Imaj\4#250627_x10000_15-3@\7-12,1000.xlsx",12.0,0.8471428571428571,0.0076764947357873,0.7504761904761905,0.012835961388299,#250627Video(3-15)#\12
"13,5","C:\Users\michris\Desktop\xy_early_prediction\data\Early prediction\Video\#250627Video(3-15)#\13,5.mp4","4-13_5,1000.xlsx","C:\Users\michris\Desktop\xy_early_prediction\data\Early prediction\Imaj\4#250627_x10000_15-3@\4-13_5,1000.xlsx",13.5,0.8995238095238095,0.0108287536107303,0.7765238095238096,0.0113208614849712,"#250627Video(3-15)#\13,5"
13,C:\Users\michris\Desktop\xy_early_prediction\data\Early prediction\Video\#250627Video(3-15)#\13.mp4,"5-13,1000.xlsx","C:\Users\michris\Desktop\xy_early_prediction\data\Early prediction\Imaj\4#250627_x10000_15-3@\5-13,1000.xlsx",13.0,0.8771904761904763,0.0105953718557634,0.7738571428571429,0.0062392765148349,#250627Video(3-15)#\13
"14,5","C:\Users\michris\Desktop\xy_early_prediction\data\Early prediction\Video\#250627Video(3-15)#\14,5.mp4","2-14_5,1000.xlsx","C:\Users\michris\Desktop\xy_early_prediction\data\Early prediction\Imaj\4#250627_x10000_15-3@\2-14_5,1000.xlsx",14.5,0.9150476190476192,0.0115994663259832,0.794095238095238,0.0115624597811398,"#250627Video(3-15)#\14,5"
14,C:\Users\michris\Desktop\xy_early_prediction\data\Early prediction\Video\#250627Video(3-15)#\14.mp4,"3-14,1000.xlsx","C:\Users\michris\Desktop\xy_early_prediction\data\Early prediction\Imaj\4#250627_x10000_15-3@\3-14,1000.xlsx",14.0,0.9086190476190478,0.0089748325359094,0.7888571428571429,0.009161253813129,#250627Video(3-15)#\14
15,C:\Users\michris\Desktop\xy_early_prediction\data\Early prediction\Video\#250627Video(3-15)#\15.mp4,"1-15,1000.xlsx","C:\Users\michris\Desktop\xy_early_prediction\data\Early prediction\Imaj\4#250627_x10000_15-3@\1-15,1000.xlsx",15.0,0.936190476190476,0.0127460544782259,0.7988095238095239,0.012444352323922,#250627Video(3-15)#\15
"3,5","C:\Users\michris\Desktop\xy_early_prediction\data\Early prediction\Video\#250627Video(3-15)#\3,5.mp4","24-3_5,1000.xlsx","C:\Users\michris\Desktop\xy_early_prediction\data\Early prediction\Imaj\4#250627_x10000_15-3@\24-3_5,1000.xlsx",3.5,0.3211904761904762,0.0113913082989578,0.315,0.0158113883008419,"#250627Video(3-15)#\3,5"
"5,5","C:\Users\michris\Desktop\xy_early_prediction\data\Early prediction\Video\#250627Video(3-15)#\5,5.mp4","20-5_5,1000.xlsx","C:\Users\michris\Desktop\xy_early_prediction\data\Early prediction\Imaj\4#250627_x10000_15-3@\20-5_5,1000.xlsx",5.5,0.5055238095238094,0.0184054857246937,0.4557142857142857,0.0171235009771449,"#250627Video(3-15)#\5,5"
7,C:\Users\michris\Desktop\xy_early_prediction\data\Early prediction\Video\#250627Video(3-15)#\7.mp4,"17-7,1000.xlsx","C:\Users\michris\Desktop\xy_early_prediction\data\Early prediction\Imaj\4#250627_x10000_15-3@\17-7,1000.xlsx",7.0,0.6454761904761905,0.0146547570693582,0.5866666666666666,0.0168325082306034,#250627Video(3-15)#\7
"8,5","C:\Users\michris\Desktop\xy_early_prediction\data\Early prediction\Video\#250627Video(3-15)#\8,5.mp4","14-8_5,1000.xlsx","C:\Users\michris\Desktop\xy_early_prediction\data\Early prediction\Imaj\4#250627_x10000_15-3@\14-8_5,1000.xlsx",8.5,0.7169047619047618,0.0143593341137559,0.6114285714285713,0.0138873014965882,"#250627Video(3-15)#\8,5"
8,C:\Users\michris\Desktop\xy_early_prediction\data\Early prediction\Video\#250627Video(3-15)#\8.mp4,"15-8,1000.xlsx","C:\Users\michris\Desktop\xy_early_prediction\data\Early prediction\Imaj\4#250627_x10000_15-3@\15-8,1000.xlsx",8.0,0.7005238095238094,0.0189542054637461,0.6033809523809522,0.0175797502555531,#250627Video(3-15)#\8
9,C:\Users\michris\Desktop\xy_early_prediction\data\Early prediction\Video\#250627Video(3-15)#\9.mp4,"13-9,1000.xlsx","C:\Users\michris\Desktop\xy_early_prediction\data\Early prediction\Imaj\4#250627_x10000_15-3@\13-9,1000.xlsx",9.0,0.735047619047619,0.0181120848895873,0.6226190476190477,0.0197242900771515,#250627Video(3-15)#\9
10,C:\Users\michris\Desktop\xy_early_prediction\data\Early prediction\Video\#250715Video(10-20)#\10.mp4,"21-10,1000.xlsx","C:\Users\michris\Desktop\xy_early_prediction\data\Early prediction\Imaj\2#250715_x10000_10-20\21-10,1000.xlsx",10.0,0.4912380952380952,0.0257233449650405,0.5302857142857142,0.0181580363947835,#250715Video(10-20)#\10
"11,5","C:\Users\michris\Desktop\xy_early_prediction\data\Early prediction\Video\#250715Video(10-20)#\11,5.mp4","18-11_5,1000.xlsx","C:\Users\michris\Desktop\xy_early_prediction\data\Early prediction\Imaj\2#250715_x10000_10-20\18-11_5,1000.xlsx",11.5,0.5896666666666667,0.0109833206879037,0.5637142857142857,0.0177824150697897,"#250715Video(10-20)#\11,5"
"12,5","C:\Users\michris\Desktop\xy_early_prediction\data\Early prediction\Video\#250715Video(10-20)#\12,5.mp4","16-12_5,1000.xlsx","C:\Users\michris\Desktop\xy_early_prediction\data\Early prediction\Imaj\2#250715_x10000_10-20\16-12_5,1000.xlsx",12.5,0.6305714285714286,0.0125402210051156,0.6134761904761905,0.0111786360868356,"#250715Video(10-20)#\12,5"
13,C:\Users\michris\Desktop\xy_early_prediction\data\Early prediction\Video\#250715Video(10-20)#\13.mp4,"15-13,1000.xlsx","C:\Users\michris\Desktop\xy_early_prediction\data\Early prediction\Imaj\2#250715_x10000_10-20\15-13,1000.xlsx",13.0,0.7717619047619048,0.0149896789889068,0.7433809523809524,0.0206530292946971,#250715Video(10-20)#\13
"14,5","C:\Users\michris\Desktop\xy_early_prediction\data\Early prediction\Video\#250715Video(10-20)#\14,5.mp4","12-14_5,1000.xlsx","C:\Users\michris\Desktop\xy_early_prediction\data\Early prediction\Imaj\2#250715_x10000_10-20\12-14_5,1000.xlsx",14.5,0.8845238095238097,0.0191379702362059,0.7921904761904761,0.0135004409099075,"#250715Video(10-20)#\14,5"
"15,5","C:\Users\michris\Desktop\xy_early_prediction\data\Early prediction\Video\#250715Video(10-20)#\15,5.mp4","10-15_5,1000.xlsx","C:\Users\michris\Desktop\xy_early_prediction\data\Early prediction\Imaj\2#250715_x10000_10-20\10-15_5,1000.xlsx",15.5,0.9098095238095236,0.010548075879605,0.8243333333333334,0.0113284303119775,"#250715Video(10-20)#\15,5"
15,C:\Users\michris\Desktop\xy_early_prediction\data\Early prediction\Video\#250715Video(10-20)#\15.mp4,11-15_1000.xlsx,C:\Users\michris\Desktop\xy_early_prediction\data\Early prediction\Imaj\2#250715_x10000_10-20\11-15_1000.xlsx,15.0,0.8985238095238097,0.0142710162483932,0.8162380952380952,0.0127941578929789,#250715Video(10-20)#\15
"16,5","C:\Users\michris\Desktop\xy_early_prediction\data\Early prediction\Video\#250715Video(10-20)#\16,5.mp4","8-16_5,1000.xlsx","C:\Users\michris\Desktop\xy_early_prediction\data\Early prediction\Imaj\2#250715_x10000_10-20\8-16_5,1000.xlsx",16.5,0.923809523809524,0.0121351516167662,0.8423809523809522,0.0160171039532001,"#250715Video(10-20)#\16,5"
16,C:\Users\michris\Desktop\xy_early_prediction\data\Early prediction\Video\#250715Video(10-20)#\16.mp4,"9-16,1000.xlsx","C:\Users\michris\Desktop\xy_early_prediction\data\Early prediction\Imaj\2#250715_x10000_10-20\9-16,1000.xlsx",16.0,0.9167619047619048,0.0098025749775493,0.832904761904762,0.0153684897172909,#250715Video(10-20)#\16
"17,5","C:\Users\michris\Desktop\xy_early_prediction\data\Early prediction\Video\#250715Video(10-20)#\17,5.mp4","6-17_5,1000.xlsx","C:\Users\michris\Desktop\xy_early_prediction\data\Early prediction\Imaj\2#250715_x10000_10-20\6-17_5,1000.xlsx",17.5,0.9847619047619048,0.0165435932067515,0.8774761904761904,0.0179209906188777,"#250715Video(10-20)#\17,5"
17,C:\Users\michris\Desktop\xy_early_prediction\data\Early prediction\Video\#250715Video(10-20)#\17.mp4,"7-17,1000.xlsx","C:\Users\michris\Desktop\xy_early_prediction\data\Early prediction\Imaj\2#250715_x10000_10-20\7-17,1000.xlsx",17.0,0.9376666666666666,0.0125432584814844,0.8593333333333335,0.0149443411809732,#250715Video(10-20)#\17
"18,5","C:\Users\michris\Desktop\xy_early_prediction\data\Early prediction\Video\#250715Video(10-20)#\18,5.mp4","4-18_5,1000.xlsx","C:\Users\michris\Desktop\xy_early_prediction\data\Early prediction\Imaj\2#250715_x10000_10-20\4-18_5,1000.xlsx",18.5,1.026904761904762,0.0168431136132983,0.9073809523809524,0.0140195441811643,"#250715Video(10-20)#\18,5"
18,C:\Users\michris\Desktop\xy_early_prediction\data\Early prediction\Video\#250715Video(10-20)#\18.mp4,"5-18,1000.xlsx","C:\Users\michris\Desktop\xy_early_prediction\data\Early prediction\Imaj\2#250715_x10000_10-20\5-18,1000.xlsx",18.0,1.0055238095238097,0.0142569949414981,0.8908095238095237,0.016067417488878,#250715Video(10-20)#\18
"19,5","C:\Users\michris\Desktop\xy_early_prediction\data\Early prediction\Video\#250715Video(10-20)#\19,5.mp4","2-19_5,1000.xlsx","C:\Users\michris\Desktop\xy_early_prediction\data\Early prediction\Imaj\2#250715_x10000_10-20\2-19_5,1000.xlsx",19.5,1.0473809523809523,0.0142845237599165,0.9257619047619048,0.0159119601617926,"#250715Video(10-20)#\19,5"
19,C:\Users\michris\Desktop\xy_early_prediction\data\Early prediction\Video\#250715Video(10-20)#\19.mp4,"3-19,1000.xlsx","C:\Users\michris\Desktop\xy_early_prediction\data\Early prediction\Imaj\2#250715_x10000_10-20\3-19,1000.xlsx",19.0,1.0355238095238093,0.0133139740409054,0.9173809523809524,0.0104425867986634,#250715Video(10-20)#\19
20,C:\Users\michris\Desktop\xy_early_prediction\data\Early prediction\Video\#250715Video(10-20)#\20.mp4,"1-20,1000.xlsx","C:\Users\michris\Desktop\xy_early_prediction\data\Early prediction\Imaj\2#250715_x10000_10-20\1-20,1000.xlsx",20.0,1.060952380952381,0.0241670771722113,0.947857142857143,0.0160912576086697,#250715Video(10-20)#\20
"10,5","C:\Users\michris\Desktop\xy_early_prediction\data\Early prediction\Video\@250624Video@\10,5.mp4","10-10_5,1000.xlsx","C:\Users\michris\Desktop\xy_early_prediction\data\Early prediction\Imaj\2#250624_x10000_15-5@\10-10_5,1000.xlsx",10.5,0.7252380952380952,0.0203393823945191,0.6388095238095237,0.019931430073176,"@250624Video@\10,5"
10,C:\Users\michris\Desktop\xy_early_prediction\data\Early prediction\Video\@250624Video@\10.mp4,"11-10,1000.xlsx","C:\Users\michris\Desktop\xy_early_prediction\data\Early prediction\Imaj\2#250624_x10000_15-5@\11-10,1000.xlsx",10.0,0.7123809523809526,0.0152986149388635,0.6254761904761905,0.0099880881434789,@250624Video@\10
"11,5","C:\Users\michris\Desktop\xy_early_prediction\data\Early prediction\Video\@250624Video@\11,5.mp4","8-11_5,1000.xlsx","C:\Users\michris\Desktop\xy_early_prediction\data\Early prediction\Imaj\2#250624_x10000_15-5@\8-11_5,1000.xlsx",11.5,0.7659523809523808,0.020163026038956,0.6800000000000002,0.0134164078649987,"@250624Video@\11,5"
11,C:\Users\michris\Desktop\xy_early_prediction\data\Early prediction\Video\@250624Video@\11.mp4,"9-11,1000.xlsx","C:\Users\michris\Desktop\xy_early_prediction\data\Early prediction\Imaj\2#250624_x10000_15-5@\9-11,1000.xlsx",11.0,0.7476666666666666,0.0261023626006025,0.6585714285714286,0.0188509188862809,@250624Video@\11
"12,5","C:\Users\michris\Desktop\xy_early_prediction\data\Early prediction\Video\@250624Video@\12,5.mp4","6-12_5,1000.xlsx","C:\Users\michris\Desktop\xy_early_prediction\data\Early prediction\Imaj\2#250624_x10000_15-5@\6-12_5,1000.xlsx",12.5,0.8166666666666667,0.0164570147151095,0.7188571428571429,0.0170712791386167,"@250624Video@\12,5"
12,C:\Users\michris\Desktop\xy_early_prediction\data\Early prediction\Video\@250624Video@\12.mp4,"7-12,1000.xlsx","C:\Users\michris\Desktop\xy_early_prediction\data\Early prediction\Imaj\2#250624_x10000_15-5@\7-12,1000.xlsx",12.0,0.7804761904761905,0.0171686314178476,0.6988095238095238,0.0144831593501523,@250624Video@\12
"13,5","C:\Users\michris\Desktop\xy_early_prediction\data\Early prediction\Video\@250624Video@\13,5.mp4","4-13_5,1000.xlsx","C:\Users\michris\Desktop\xy_early_prediction\data\Early prediction\Imaj\2#250624_x10000_15-5@\4-13_5,1000.xlsx",13.5,0.8402380952380952,0.0160838576277731,0.747142857142857,0.0216547586324247,"@250624Video@\13,5"
13,C:\Users\michris\Desktop\xy_early_prediction\data\Early prediction\Video\@250624Video@\13.mp4,"5-13,1000.xlsx","C:\Users\michris\Desktop\xy_early_prediction\data\Early prediction\Imaj\2#250624_x10000_15-5@\5-13,1000.xlsx",13.0,0.827857142857143,0.0179284291400158,0.7285714285714286,0.0164425406448378,@250624Video@\13
"14,5","C:\Users\michris\Desktop\xy_early_prediction\data\Early prediction\Video\@250624Video@\14,5.mp4","2-14_5,1000.xlsx","C:\Users\michris\Desktop\xy_early_prediction\data\Early prediction\Imaj\2#250624_x10000_15-5@\2-14_5,1000.xlsx",14.5,0.8709523809523809,0.0110248636747861,0.7835714285714287,0.019566735620873,"@250624Video@\14,5"
14,C:\Users\michris\Desktop\xy_early_prediction\data\Early prediction\Video\@250624Video@\14.mp4,"3-14,1000.xlsx","C:\Users\michris\Desktop\xy_early_prediction\data\Early prediction\Imaj\2#250624_x10000_15-5@\3-14,1000.xlsx",14.0,0.861904761904762,0.0160838576277731,0.7561904761904762,0.015075208282538,@250624Video@\14
15,C:\Users\michris\Desktop\xy_early_prediction\data\Early prediction\Video\@250624Video@\15.mp4,"1-15,1000.xlsx","C:\Users\michris\Desktop\xy_early_prediction\data\Early prediction\Imaj\2#250624_x10000_15-5@\1-15,1000.xlsx",15.0,0.910952380952381,0.0184132457499382,0.8023809523809524,0.016629720955194,@250624Video@\15
"5,5","C:\Users\michris\Desktop\xy_early_prediction\data\Early prediction\Video\@250624Video@\5,5.mp4","20-5_5,1000.xlsx","C:\Users\michris\Desktop\xy_early_prediction\data\Early prediction\Imaj\2#250624_x10000_15-5@\20-5_5,1000.xlsx",5.5,0.4966666666666667,0.0208933801318344,0.4799047619047619,0.0147034171603228,"@250624Video@\5,5"
5,C:\Users\michris\Desktop\xy_early_prediction\data\Early prediction\Video\@250624Video@\5.mp4,"21-5,1000.xlsx","C:\Users\michris\Desktop\xy_early_prediction\data\Early prediction\Imaj\2#250624_x10000_15-5@\21-5,1000.xlsx",5.0,0.4304761904761905,0.0178818876174162,0.403095238095238,0.0217069223104169,@250624Video@\5
"6,5","C:\Users\michris\Desktop\xy_early_prediction\data\Early prediction\Video\@250624Video@\6,5.mp4","18-6_5,1000.xlsx","C:\Users\michris\Desktop\xy_early_prediction\data\Early prediction\Imaj\2#250624_x10000_15-5@\18-6_5,1000.xlsx",6.5,0.5495238095238095,0.0156448683203759,0.5123809523809524,0.0178619041271534,"@250624Video@\6,5"
6,C:\Users\michris\Desktop\xy_early_prediction\data\Early prediction\Video\@250624Video@\6.mp4,"19-6,1000.xlsx","C:\Users\michris\Desktop\xy_early_prediction\data\Early prediction\Imaj\2#250624_x10000_15-5@\19-6,1000.xlsx",6.0,0.5392857142857144,0.0126773138209277,0.5071428571428571,0.0115727512471569,@250624Video@\6
"7,5","C:\Users\michris\Desktop\xy_early_prediction\data\Early prediction\Video\@250624Video@\7,5.mp4","16-7_5,1000.xlsx","C:\Users\michris\Desktop\xy_early_prediction\data\Early prediction\Imaj\2#250624_x10000_15-5@\16-7_5,1000.xlsx",7.5,0.6195238095238096,0.0140449957195402,0.5714285714285713,0.0150119000415384,"@250624Video@\7,5"
7,C:\Users\michris\Desktop\xy_early_prediction\data\Early prediction\Video\@250624Video@\7.mp4,"17-7,1000.xlsx","C:\Users\michris\Desktop\xy_early_prediction\data\Early prediction\Imaj\2#250624_x10000_15-5@\17-7,1000.xlsx",7.0,0.5821428571428571,0.0211879345720287,0.5359523809523811,0.0159388713228891,@250624Video@\7
"8,5","C:\Users\michris\Desktop\xy_early_prediction\data\Early prediction\Video\@250624Video@\8,5.mp4","14-8_5,1000.xlsx","C:\Users\michris\Desktop\xy_early_prediction\data\Early prediction\Imaj\2#250624_x10000_15-5@\14-8_5,1000.xlsx",8.5,0.6540476190476191,0.0167793807706845,0.5990476190476188,0.0113599128098599,"@250624Video@\8,5"
8,C:\Users\michris\Desktop\xy_early_prediction\data\Early prediction\Video\@250624Video@\8.mp4,"15-8,1000.xlsx","C:\Users\michris\Desktop\xy_early_prediction\data\Early prediction\Imaj\2#250624_x10000_15-5@\15-8,1000.xlsx",8.0,0.6326190476190475,0.0143717646462645,0.5871428571428572,0.0179284291400158,@250624Video@\8
"9,5","C:\Users\michris\Desktop\xy_early_prediction\data\Early prediction\Video\@250624Video@\9,5.mp4","12-9_5,1000.xlsx","C:\Users\michris\Desktop\xy_early_prediction\data\Early prediction\Imaj\2#250624_x10000_15-5@\12-9_5,1000.xlsx",9.5,0.6964285714285715,0.0171859577230115,0.6145238095238097,0.0119273595050163,"@250624Video@\9,5"
9,C:\Users\michris\Desktop\xy_early_prediction\data\Early prediction\Video\@250624Video@\9.mp4,"13-9,1000.xlsx","C:\Users\michris\Desktop\xy_early_prediction\data\Early prediction\Imaj\2#250624_x10000_15-5@\13-9,1000.xlsx",9.0,0.6747619047619048,0.0185388909104745,0.6054761904761905,0.0162715059156153,@250624Video@\9
"10,5","C:\Users\michris\Desktop\xy_early_prediction\data\Early prediction\Video\#c259710\10,5.mp4","10-10_5,1000.xlsx","C:\Users\michris\Desktop\xy_early_prediction\data\Early prediction\Imaj\#c250710_x10000_15-5\10-10_5,1000.xlsx",10.5,0.8069523809523812,0.011160090458756,0.6736190476190478,0.0088344563526919,"#c259710\10,5"
10,C:\Users\michris\Desktop\xy_early_prediction\data\Early prediction\Video\#c259710\10.mp4,"11-10,1000.xlsx","C:\Users\michris\Desktop\xy_early_prediction\data\Early prediction\Imaj\#c250710_x10000_15-5\11-10,1000.xlsx",10.0,0.7876190476190476,0.0123104678646921,0.659095238095238,0.0145323940281866,#c259710\10
"11,5","C:\Users\michris\Desktop\xy_early_prediction\data\Early prediction\Video\#c259710\11,5.mp4","8-11_5,1000.xlsx","C:\Users\michris\Desktop\xy_early_prediction\data\Early prediction\Imaj\#c250710_x10000_15-5\8-11_5,1000.xlsx",11.5,0.8390476190476189,0.0121056854018109,0.7023809523809523,0.0113599128098599,"#c259710\11,5"
11,C:\Users\michris\Desktop\xy_early_prediction\data\Early prediction\Video\#c259710\11.mp4,"9-11,1000.xlsx","C:\Users\michris\Desktop\xy_early_prediction\data\Early prediction\Imaj\#c250710_x10000_15-5\9-11,1000.xlsx",11.0,0.821904761904762,0.0084374448851815,0.6886190476190477,0.0169277174789638,#c259710\11
"12,5","C:\Users\michris\Desktop\xy_early_prediction\data\Early prediction\Video\#c259710\12,5.mp4","6-12_5,1000.xlsx","C:\Users\michris\Desktop\xy_early_prediction\data\Early prediction\Imaj\#c250710_x10000_15-5\6-12_5,1000.xlsx",12.5,0.8664285714285713,0.0227014788693852,0.7261904761904762,0.0176000541124709,"#c259710\12,5"
12,C:\Users\michris\Desktop\xy_early_prediction\data\Early prediction\Video\#c259710\12.mp4,"7-12,1000.xlsx","C:\Users\michris\Desktop\xy_early_prediction\data\Early prediction\Imaj\#c250710_x10000_15-5\7-12,1000.xlsx",12.0,0.8499999999999999,0.0184390889145857,0.7169047619047619,0.009549370460427,#c259710\12
"13,5","C:\Users\michris\Desktop\xy_early_prediction\data\Early prediction\Video\#c259710\13,5.mp4","4-13_5,1000.xlsx","C:\Users\michris\Desktop\xy_early_prediction\data\Early prediction\Imaj\#c250710_x10000_15-5\4-13_5,1000.xlsx",13.5,0.8905238095238095,0.0144312821593199,0.7462380952380951,0.0179078328166888,"#c259710\13,5"
13,C:\Users\michris\Desktop\xy_early_prediction\data\Early prediction\Video\#c259710\13.mp4,"5-13,1000.xlsx","C:\Users\michris\Desktop\xy_early_prediction\data\Early prediction\Imaj\#c250710_x10000_15-5\5-13,1000.xlsx",13.0,0.8752380952380954,0.0120909253653505,0.7345238095238096,0.0170223942135618,#c259710\13
"14,5","C:\Users\michris\Desktop\xy_early_prediction\data\Early prediction\Video\#c259710\14,5.mp4","2-14_5,1000.xlsx","C:\Users\michris\Desktop\xy_early_prediction\data\Early prediction\Imaj\#c250710_x10000_15-5\2-14_5,1000.xlsx",14.5,0.9145238095238094,0.0181593475863507,0.7692857142857144,0.0147720779078058,"#c259710\14,5"
14,C:\Users\michris\Desktop\xy_early_prediction\data\Early prediction\Video\#c259710\14.mp4,"3-14,1000.xlsx","C:\Users\michris\Desktop\xy_early_prediction\data\Early prediction\Imaj\#c250710_x10000_15-5\3-14,1000.xlsx",14.0,0.904047619047619,0.0190800319456656,0.7579047619047621,0.0105209541482926,#c259710\14
15,C:\Users\michris\Desktop\xy_early_prediction\data\Early prediction\Video\#c259710\15.mp4,"1-15,1000.xlsx","C:\Users\michris\Desktop\xy_early_prediction\data\Early prediction\Imaj\#c250710_x10000_15-5\1-15,1000.xlsx",15.0,0.9328571428571428,0.0163990417838534,0.7769523809523811,0.0183724690514807,#c259710\15
"5,5","C:\Users\michris\Desktop\xy_early_prediction\data\Early prediction\Video\#c259710\5,5.mp4","20-5_5,1000.xlsx","C:\Users\michris\Desktop\xy_early_prediction\data\Early prediction\Imaj\#c250710_x10000_15-5\20-5_5,1000.xlsx",5.5,0.5716666666666667,0.0149443411809732,0.5004761904761904,0.0179516546524799,"#c259710\5,5"
5,C:\Users\michris\Desktop\xy_early_prediction\data\Early prediction\Video\#c259710\5.mp4,"21-5,1000.xlsx","C:\Users\michris\Desktop\xy_early_prediction\data\Early prediction\Imaj\#c250710_x10000_15-5\21-5,1000.xlsx",5.0,0.5297619047619048,0.0245701134753276,0.4757142857142857,0.0205113209158816,#c259710\5
6.5,C:\Users\michris\Desktop\xy_early_prediction\data\Early prediction\Video\#c259710\6.5.mp4,"18-6_5,1000.xlsx","C:\Users\michris\Desktop\xy_early_prediction\data\Early prediction\Imaj\#c250710_x10000_15-5\18-6_5,1000.xlsx",6.5,0.620952380952381,0.0188824685633955,0.5426666666666666,0.0296788364551801,#c259710\6.5
6,C:\Users\michris\Desktop\xy_early_prediction\data\Early prediction\Video\#c259710\6.mp4,"19-6,1000.xlsx","C:\Users\michris\Desktop\xy_early_prediction\data\Early prediction\Imaj\#c250710_x10000_15-5\19-6,1000.xlsx",6.0,0.6033809523809524,0.0151508289887919,0.5198095238095238,0.0292619531945819,#c259710\6
"7,5","C:\Users\michris\Desktop\xy_early_prediction\data\Early prediction\Video\#c259710\7,5.mp4","16-7_5,1000.xlsx","C:\Users\michris\Desktop\xy_early_prediction\data\Early prediction\Imaj\#c250710_x10000_15-5\16-7_5,1000.xlsx",7.5,0.6876666666666668,0.0111055541659717,0.5880952380952381,0.0120909253653505,"#c259710\7,5"
7,C:\Users\michris\Desktop\xy_early_prediction\data\Early prediction\Video\#c259710\7.mp4,"17-7,1000.xlsx","C:\Users\michris\Desktop\xy_early_prediction\data\Early prediction\Imaj\#c250710_x10000_15-5\17-7,1000.xlsx",7.0,0.6490476190476192,0.0179317489121284,0.5636190476190477,0.017016098819871,#c259710\7
"8,5","C:\Users\michris\Desktop\xy_early_prediction\data\Early prediction\Video\#c259710\8,5.mp4","14-8_5,1000.xlsx","C:\Users\michris\Desktop\xy_early_prediction\data\Early prediction\Imaj\#c250710_x10000_15-5\14-8_5,1000.xlsx",8.5,0.7495238095238096,0.016800651914789,0.6236190476190475,0.0206893117103401,"#c259710\8,5"
8,C:\Users\michris\Desktop\xy_early_prediction\data\Early prediction\Video\#c259710\8.mp4,"15-8,1000.xlsx","C:\Users\michris\Desktop\xy_early_prediction\data\Early prediction\Imaj\#c250710_x10000_15-5\15-8,1000.xlsx",8.0,0.7092857142857141,0.0139001541615294,0.6040476190476192,0.0205924165422035,#c259710\8
"9,5","C:\Users\michris\Desktop\xy_early_prediction\data\Early prediction\Video\#c259710\9,5.mp4","12-9_5,1000.xlsx","C:\Users\michris\Desktop\xy_early_prediction\data\Early prediction\Imaj\#c250710_x10000_15-5\12-9_5,1000.xlsx",9.5,0.777142857142857,0.0126066875676591,0.6426190476190475,0.0159388713228891,"#c259710\9,5"
