fold,epoch,train_loss,final_mae_x_phys,final_mae_std_x_phys,final_rmse_x_phys,final_bias_x_phys,final_mae_y_phys,final_mae_std_y_phys,final_rmse_y_phys,final_bias_y_phys,mean_ept_pct,pct_videos_ept_found,ept_threshold_um,n_videos,n_frames,improved,epochs_without_improvement
1,1,0.41522654764195704,0.07136639952659607,0.06506788730621338,0.09657636091598878,-0.057257212698459625,0.079836405813694,0.05517794191837311,0.0970487342276197,-0.07029783725738525,98.30405814657783,30.76923076923077,0.05,13,128,True,0
1,2,0.32437659609825054,0.05834246054291725,0.052918750792741776,0.07876697762679993,0.009054500609636307,0.0526447556912899,0.04458961263298988,0.06899060633759718,-0.014043211936950684,98.12235009085404,61.53846153846154,0.05,13,128,True,0
1,3,0.32245662031655614,0.05825885757803917,0.0581950880587101,0.08234539223522676,-0.0003172755241394043,0.054268769919872284,0.04576702415943146,0.07099098111073532,-0.016559770330786705,98.12235009085404,53.84615384615385,0.05,13,128,False,1
1,4,0.27991020758735374,0.06786563992500305,0.06986532360315323,0.09740076022852608,-0.03501204401254654,0.07395566999912262,0.06053929775953293,0.09557430686857751,-0.06094906106591225,99.03089036947306,30.76923076923077,0.05,13,128,False,2
1,5,0.26905344244330487,0.07229045033454895,0.049420010298490524,0.0875685246826463,0.013012440875172615,0.058481745421886444,0.05147120729088783,0.07790635328461969,-0.02623017504811287,95.69957601453665,38.46153846153847,0.05,13,128,False,3
1,6,0.2710860916908751,0.06428055465221405,0.06720276921987534,0.09299570862805745,-0.023932691663503647,0.06559331715106964,0.053285371512174606,0.08450925728669426,-0.04112597927451134,96.00242277407632,46.15384615384615,0.05,13,128,False,4
1,7,0.2484365794411365,0.06564155220985413,0.06367170810699463,0.0914488902852532,-0.03766034170985222,0.07338470220565796,0.054466940462589264,0.09138906981739114,-0.058666206896305084,97.88007268322228,15.384615384615385,0.05,13,128,False,5
1,8,0.22125159394233784,0.06525791436433792,0.0618685744702816,0.08992394206325129,-0.0246591754257679,0.07069294154644012,0.05122564733028412,0.08730153711766583,-0.046543318778276443,98.18291944276196,38.46153846153847,0.05,13,128,False,6
1,9,0.19146782231140644,0.07010553777217865,0.06417626887559891,0.09504409543095867,-0.04313163086771965,0.07581225037574768,0.053235992789268494,0.09263676062077689,-0.05579889193177223,95.76014536644458,30.76923076923077,0.05,13,128,False,7
1,10,0.19167180192914415,0.07244358211755753,0.06523352861404419,0.09748582273809346,-0.02806663140654564,0.07591212540864944,0.05721713975071907,0.09506025725540003,-0.05127076804637909,98.2434887946699,30.76923076923077,0.05,13,128,False,8
1,11,0.1644045915454626,0.07534419000148773,0.07216672599315643,0.1043301645293534,-0.042461153119802475,0.08296023309230804,0.06901615858078003,0.10791491588607766,-0.07172281295061111,94.24591156874621,30.76923076923077,0.05,13,128,False,9
1,12,0.1617052082685714,0.06913717091083527,0.06616465002298355,0.0956959186487732,-0.029225286096334457,0.07888781279325485,0.062210481613874435,0.10046606420661659,-0.06185531988739967,99.75772259236827,23.076923076923077,0.05,13,128,False,10
1,13,0.15248062525023806,0.07896904647350311,0.06280754506587982,0.10090044074261181,-0.013961920514702797,0.07483269274234772,0.05940166488289833,0.09554312916990229,-0.04283454269170761,96.85039370078742,23.076923076923077,0.05,13,128,False,11
1,14,0.13008904298569293,0.08351358771324158,0.07326728105545044,0.11109731405579759,-0.029768310487270355,0.07891952246427536,0.07028970867395401,0.10568318379085946,-0.05039522796869278,96.72925499697155,38.46153846153847,0.05,13,128,False,12
1,15,0.09673876164758459,0.08609969913959503,0.06638679653406143,0.10872150083341908,-0.011973862536251545,0.0773555338382721,0.06593450158834457,0.10164269618944896,-0.04227345809340477,93.519079345851,23.076923076923077,0.05,13,128,False,13
1,16,0.10544712001338918,0.09216786921024323,0.0576275996863842,0.10870077738845825,0.013821899890899658,0.07988291233778,0.04994630813598633,0.09421207379811207,0.0011945596197620034,99.33373712901273,15.384615384615385,0.05,13,128,False,14
1,17,0.09073052563248797,0.08991571515798569,0.06311853975057602,0.10985803803542006,0.006131488364189863,0.07565603405237198,0.06010438874363899,0.09662490795557985,-0.021271664649248123,97.39551786795882,7.6923076923076925,0.05,13,128,False,15
2,1,0.3803387150168419,0.11830250173807144,0.081053227186203,0.1434053890275578,-0.009422596544027328,0.10368996113538742,0.06088458001613617,0.12024366496573012,0.0029496760107576847,99.67577582213987,5.88235294117647,0.05,17,128,True,0
2,2,0.28198263976309035,0.11071465909481049,0.0922418013215065,0.14410512843777795,0.04161854833364487,0.09724626690149307,0.07394567877054214,0.1221670911530245,0.03909040242433548,99.58314034275128,17.647058823529413,0.05,17,128,True,0
2,3,0.2717039986617035,0.11514443159103394,0.08820914477109909,0.14504858811194957,0.04654189944267273,0.1048768162727356,0.0938701406121254,0.14075066329459288,0.08188603073358536,100.0,11.76470588235294,0.05,17,128,False,1
2,4,0.258554224918286,0.11363953351974487,0.09565655887126923,0.148539959530787,0.057493701577186584,0.09864389151334763,0.08344010263681412,0.12920088042490327,0.05316032096743584,99.25891616489116,17.647058823529413,0.05,17,128,False,2
2,5,0.26681060070792834,0.11343559622764587,0.11779128015041351,0.1635311012945332,0.06025077402591705,0.10307494550943375,0.10283809155225754,0.1456025986161506,0.06947408616542816,98.47151459008802,29.411764705882355,0.05,17,128,False,3
2,6,0.2828622014158302,0.11172140389680862,0.09709373861551285,0.14801644538435396,0.04418350011110306,0.09766644239425659,0.0810304656624794,0.12690418473840906,0.04219610244035721,94.58082445576656,23.52941176470588,0.05,17,128,False,4
2,7,0.23310749046504498,0.11525572836399078,0.08023202419281006,0.1404316884775017,-0.0029455984476953745,0.10041963309049606,0.06288235634565353,0.11848330131757624,0.0033280779607594013,99.44418712366836,11.76470588235294,0.05,17,128,False,5
2,8,0.21298712748620247,0.112633615732193,0.09863686561584473,0.1497182741068023,0.04137235879898071,0.09924854338169098,0.0855853334069252,0.13105389385864272,0.04630255699157715,98.00833719314497,23.52941176470588,0.05,17,128,False,6
2,9,0.1858734176390701,0.112999327480793,0.10043548047542572,0.15118244957225419,0.06769124418497086,0.10124524682760239,0.09747745096683502,0.1405434305660621,0.08003610372543335,98.28624363131078,29.411764705882355,0.05,17,128,False,7
2,10,0.17223700086275737,0.1098477840423584,0.09202802181243896,0.1433028002957154,0.051457881927490234,0.09664243459701538,0.08545991778373718,0.1290083610810845,0.06392232328653336,99.02732746641965,17.647058823529413,0.05,17,128,True,0
2,11,0.18127573968635666,0.11443980783224106,0.11207474023103714,0.16017871792132415,0.0755138248205185,0.10365699231624603,0.10252278298139572,0.14579332745272883,0.07827005535364151,99.35155164427977,29.411764705882355,0.05,17,128,False,1
2,12,0.15206673385368452,0.10836552083492279,0.08941113203763962,0.14048999027489206,0.03080270253121853,0.09450028836727142,0.07740325480699539,0.12215387154774354,0.03983106464147568,98.471514590088,23.52941176470588,0.05,17,128,True,0
2,13,0.13764683372444578,0.12645521759986877,0.12589587271213531,0.1784396170442128,0.10803888738155365,0.11409575492143631,0.11644750088453293,0.16302718743279881,0.10462051630020142,97.54515979620194,29.411764705882355,0.05,17,128,False,1
2,14,0.1303527309662766,0.11678532510995865,0.11056598275899887,0.1608217936835137,0.08364154398441315,0.10522600263357162,0.10225679725408554,0.14672751910336193,0.08958017826080322,99.07364520611394,35.294117647058826,0.05,17,128,False,2
2,15,0.1279868782394462,0.11403606832027435,0.1063474491238594,0.15592948106509064,0.08103734254837036,0.1037178486585617,0.09742175042629242,0.14229682712170855,0.08277613669633865,98.93469198703103,35.294117647058826,0.05,17,128,False,3
2,16,0.11625592476791806,0.11477406322956085,0.10758861899375916,0.15731623562449368,0.0694253221154213,0.10236314684152603,0.09645964205265045,0.14065090576609804,0.07610813528299332,96.7577582213988,23.52941176470588,0.05,17,128,False,4
2,17,0.11840213413039843,0.106134332716465,0.0965026319026947,0.14344773233189617,0.06774123758077621,0.09713789820671082,0.08786948770284653,0.13098403345059179,0.06693628430366516,97.40620657711904,41.17647058823529,0.05,17,128,False,5
2,18,0.11349843285149998,0.1094546914100647,0.10212980210781097,0.149702460759836,0.05845271795988083,0.0996704250574112,0.09171168506145477,0.13544455494789567,0.06351309269666672,90.55118110236221,29.411764705882355,0.05,17,128,False,6
2,19,0.10366435398658116,0.12437745928764343,0.1177678108215332,0.17128632803183813,0.10740381479263306,0.1102457344532013,0.10528493672609329,0.152443565778569,0.09422618895769119,97.68411301528486,47.05882352941176,0.05,17,128,False,7
2,20,0.09507184384597672,0.1096290722489357,0.1046949252486229,0.1515901093062505,0.06918061524629593,0.09682291001081467,0.09056305140256882,0.13257579887970575,0.0657191276550293,98.19360815192219,29.411764705882355,0.05,17,128,False,8
2,21,0.09817787549561924,0.10341817140579224,0.08244181424379349,0.13225721232230578,0.04866577312350273,0.09329253435134888,0.07459799200296402,0.11945023720932485,0.051225632429122925,96.43353404353869,23.52941176470588,0.05,17,128,True,0
2,22,0.08506853154136075,0.12151354551315308,0.11339464038610458,0.16620435085312565,0.10275445133447647,0.1096205934882164,0.10160353779792786,0.1494655582722053,0.09214269369840622,95.18295507179249,41.17647058823529,0.05,17,128,False,1
2,23,0.06571776452991697,0.10991916805505753,0.08647473901510239,0.13985743588869914,0.07376451790332794,0.09789081662893295,0.08044490218162537,0.1267043610833705,0.07001445442438126,98.37887911069939,29.411764705882355,0.05,17,128,False,2
2,24,0.08367287144064903,0.11286328732967377,0.10662522166967392,0.15526448229990852,0.09019041061401367,0.10119708627462387,0.09588596224784851,0.13940936077694444,0.08247862011194229,97.96201945345068,41.17647058823529,0.05,17,128,False,3
2,25,0.07061375590662161,0.12090333551168442,0.0964188203215599,0.15464218347655834,0.07789750397205353,0.10579568892717361,0.08703193068504333,0.13699374471866563,0.0745835155248642,98.19360815192218,23.52941176470588,0.05,17,128,False,4
2,26,0.08224599038561185,0.1164625957608223,0.10409269481897354,0.15620122982881454,0.08714896440505981,0.10284246504306793,0.09456107020378113,0.13970815275476203,0.08127831667661667,99.16628068550256,29.411764705882355,0.05,17,128,False,5
2,27,0.06457216325733396,0.10522347688674927,0.07848281413316727,0.13126892793502848,0.040251124650239944,0.09516887366771698,0.073650062084198,0.12033888276761827,0.053829483687877655,97.82306623436777,17.647058823529413,0.05,17,128,False,6
2,28,0.05084042561550935,0.1044153943657875,0.0828312486410141,0.13328011321089478,0.06404808908700943,0.0942561998963356,0.07696107774972916,0.12168499596712924,0.06475701928138733,98.56415006947661,23.52941176470588,0.05,17,128,False,7
2,29,0.04275757347544034,0.11277386546134949,0.10794877260923386,0.1561117573967617,0.09854501485824585,0.10160154849290848,0.09455029666423798,0.13878989234717024,0.08871549367904663,96.01667438628995,41.17647058823529,0.05,17,128,False,8
2,30,0.04940485610730118,0.10168309509754181,0.08467868715524673,0.13232509852043,0.05170902609825134,0.08991886675357819,0.07425613701343536,0.11661636731394798,0.049179352819919586,97.35988883742473,17.647058823529413,0.05,17,128,True,0
2,31,0.040372017129427853,0.10471091419458389,0.09376794099807739,0.1405588961576457,0.08292735368013382,0.09150587767362595,0.08064131438732147,0.12196864281091811,0.06975743174552917,96.38721630384437,35.294117647058826,0.05,17,128,False,1
2,32,0.03785391834874948,0.09900695085525513,0.08775326609611511,0.1322989422069087,0.0712825134396553,0.08860920369625092,0.07584767788648605,0.1166381636319625,0.062233176082372665,97.31357109773043,35.294117647058826,0.05,17,128,True,0
2,33,0.03578747949666447,0.1040944755077362,0.09652918577194214,0.14196317473398418,0.07894305884838104,0.09259260445833206,0.08498305082321167,0.1256801755924959,0.06938273459672928,94.9976841130153,35.294117647058826,0.05,17,128,False,1
2,34,0.036903966094056766,0.09527327120304108,0.07759858667850494,0.12287609419427672,0.05660806596279144,0.08533195406198502,0.06952270865440369,0.11006793140784749,0.055810440331697464,97.82306623436776,41.17647058823529,0.05,17,128,True,0
2,35,0.03257430628356006,0.0927857905626297,0.08589043468236923,0.12643720995067867,0.07049137353897095,0.0838354155421257,0.07847189158201218,0.11483124353469733,0.06936877965927124,95.73876794812413,47.05882352941176,0.05,17,128,True,0
2,36,0.030896442673272555,0.08983004838228226,0.06999494880437851,0.11388033272455614,0.041030772030353546,0.0826370120048523,0.06293123215436935,0.10387115782243371,0.04107939079403877,98.61046780917091,23.52941176470588,0.05,17,128,True,0
2,37,0.031705199865003426,0.0958341434597969,0.08526597917079926,0.12827499030541975,0.04913255572319031,0.08597882091999054,0.07136454433202744,0.11173744412051753,0.04601433128118515,97.22093561834183,23.52941176470588,0.05,17,128,False,1
2,38,0.031119658922155697,0.0993727371096611,0.08811450004577637,0.132812310667464,0.061857517808675766,0.0889313817024231,0.07475018501281738,0.11617391862206931,0.05463221296668053,97.49884205650766,23.52941176470588,0.05,17,128,False,2
2,39,0.030592494106127157,0.09255687147378922,0.08226864039897919,0.1238341727118691,0.04686722531914711,0.08511654287576675,0.06939860433340073,0.10982254968684571,0.04676393046975136,97.86938397406207,23.52941176470588,0.05,17,128,False,3
2,40,0.02495213881548908,0.08807549625635147,0.06984981149435043,0.11241124943932955,0.041102439165115356,0.0794135108590126,0.06458267569541931,0.10235931445571117,0.04289543256163597,98.74942102825382,23.52941176470588,0.05,17,128,True,0
2,41,0.025353745578063858,0.09018398821353912,0.07801824063062668,0.11924762689205504,0.04995983839035034,0.08323874324560165,0.06999096274375916,0.10875396162249323,0.04895849898457527,97.40620657711904,29.411764705882355,0.05,17,128,False,1
2,42,0.025478104377786318,0.08364489674568176,0.07209494709968567,0.1104271216511049,0.033696383237838745,0.07879240065813065,0.06242445111274719,0.10052389713009431,0.036101333796978,96.94302918017601,29.411764705882355,0.05,17,128,True,0
2,43,0.030676510805884998,0.08793354034423828,0.0755598172545433,0.11593788589685795,0.03852849081158638,0.07894503325223923,0.06252609938383102,0.10070667150362232,0.03604355454444885,98.19360815192218,23.52941176470588,0.05,17,128,False,1
2,44,0.02715735472738743,0.09620332717895508,0.09133235365152359,0.13265247381157838,0.07083504647016525,0.08732031285762787,0.08184414356946945,0.11967999671344766,0.06203395500779152,95.36822603056972,47.05882352941176,0.05,17,128,False,2
2,45,0.029175738990306854,0.09259536862373352,0.0781751275062561,0.12118272819464465,0.04501776397228241,0.08625727146863937,0.06863696873188019,0.11023315896729481,0.04502027854323387,97.0819823992589,23.52941176470588,0.05,17,128,False,3
2,46,0.02372914765857988,0.08913629502058029,0.07099148631095886,0.11395204826901825,0.03882636874914169,0.08222627639770508,0.06236825883388519,0.10320348281856076,0.03835989162325859,92.63547938860584,23.52941176470588,0.05,17,128,False,4
2,47,0.022729871132307584,0.08957892656326294,0.07504087686538696,0.11685682770648033,0.03844049945473671,0.08419036865234375,0.06679745763540268,0.1074705490464766,0.03964619338512421,92.1259842519685,23.52941176470588,0.05,17,128,False,5
2,48,0.029959239790009126,0.09889920800924301,0.0886215940117836,0.13279624446795957,0.07787542790174484,0.09109543263912201,0.0806906446814537,0.12169370539884175,0.07177025079727173,96.85039370078741,47.05882352941176,0.05,17,128,False,6
2,49,0.0236271387586991,0.09214889258146286,0.08796122670173645,0.12739150579431793,0.06705430150032043,0.08401970565319061,0.079016774892807,0.11533846437502307,0.06153325363993645,97.91570171375638,41.17647058823529,0.05,17,128,False,7
2,50,0.02294544711088141,0.08678241074085236,0.0734458789229393,0.11369029957609991,0.04774415120482445,0.0793319046497345,0.06521955877542496,0.10269927723465659,0.04377485439181328,97.91570171375636,23.52941176470588,0.05,17,128,False,8
2,51,0.022079078087376223,0.08641055226325989,0.07399433851242065,0.11376267523020125,0.04682900756597519,0.07957924902439117,0.06901051104068756,0.10533426682419736,0.046961698681116104,98.00833719314497,23.52941176470588,0.05,17,128,False,9
2,52,0.02145515890378091,0.08646701276302338,0.07492584735155106,0.11441340408187842,0.0502798929810524,0.07899545878171921,0.06669458001852036,0.10338495662388272,0.04620513319969177,92.45020842982863,35.294117647058826,0.05,17,128,False,10
2,53,0.021195512233922877,0.07976289093494415,0.06150776892900467,0.1007240143973416,0.03357772156596184,0.0746738463640213,0.05661800876259804,0.09371116449726911,0.0357278436422348,98.61046780917091,23.52941176470588,0.05,17,128,True,0
2,54,0.02158091418031189,0.08817581832408905,0.07402408123016357,0.11512835927679367,0.03976735100150108,0.08116824924945831,0.06480307877063751,0.10386397121854057,0.03839973360300064,91.57017137563687,29.411764705882355,0.05,17,128,False,1
2,55,0.022453953325748444,0.08599287271499634,0.08163203299045563,0.11856881093672177,0.045511048287153244,0.0788247287273407,0.06746157258749008,0.1037516287810806,0.04018906131386757,97.45252431681332,41.17647058823529,0.05,17,128,False,2
2,56,0.02306144970158736,0.08400891721248627,0.0744633749127388,0.11225993052397372,0.04901612922549248,0.0778425931930542,0.06914553791284561,0.10411807854271768,0.050058718770742416,97.49884205650766,29.411764705882355,0.05,17,128,False,3
2,57,0.024718942555288472,0.08406077325344086,0.07279855757951736,0.11120181279723436,0.03994908928871155,0.07698269933462143,0.06036079674959183,0.09782515700626472,0.03359253704547882,97.77674849467346,23.52941176470588,0.05,17,128,False,4
2,58,0.028081900109019543,0.08415487408638,0.06777749210596085,0.10805475894411787,0.029266878962516785,0.07768377661705017,0.056407392024993896,0.096002926588153,0.02806432545185089,97.91570171375638,29.411764705882355,0.05,17,128,False,5
2,59,0.03229480284369654,0.08516162633895874,0.07702295482158661,0.11482612578431706,0.024425331503152847,0.07826720923185349,0.06363663822412491,0.10087308359098364,0.025596745312213898,93.7934228809634,35.294117647058826,0.05,17,128,False,6
2,60,0.025167981390323904,0.08719180524349213,0.07180316001176834,0.11295177789935723,0.04295150563120842,0.07856650650501251,0.062425971031188965,0.10034788999597466,0.03974451869726181,98.2399258916165,23.52941176470588,0.05,17,128,False,7
2,61,0.01903933280458053,0.08294922113418579,0.06959209591150284,0.10827573068597267,0.02565286122262478,0.0766548439860344,0.05714445933699608,0.0956109439891308,0.02153272181749344,94.34923575729505,29.411764705882355,0.05,17,128,False,8
2,62,0.022928203973505232,0.08680519461631775,0.07708846777677536,0.11609381696255013,0.04469161853194237,0.07916080206632614,0.06463862955570221,0.10219875358303923,0.03704087436199188,91.61648911533118,29.411764705882355,0.05,17,128,False,9
2,63,0.021000123023986815,0.08508890867233276,0.07393498718738556,0.11272313073801292,0.03462892398238182,0.078071728348732,0.060550667345523834,0.09880070041964933,0.032529979944229126,97.77674849467346,29.411764705882355,0.05,17,128,False,10
2,64,0.0310908327706986,0.09138628840446472,0.08549927920103073,0.1251462364119902,0.05106398090720177,0.08203420788049698,0.07022034376859665,0.10798383588053281,0.038178250193595886,91.29226493747105,35.294117647058826,0.05,17,128,False,11
2,65,0.022898022851182354,0.08510974049568176,0.07814209908246994,0.1155415780140988,0.04976088926196098,0.07737800478935242,0.06623928993940353,0.10185773742724041,0.04642016440629959,97.77674849467346,29.411764705882355,0.05,17,128,False,12
2,66,0.01898096352815628,0.08427364379167557,0.07263702154159546,0.11125729214820015,0.04149409756064415,0.0783037543296814,0.06297358125448227,0.10048458863675934,0.03949180245399475,92.40389069013432,29.411764705882355,0.05,17,128,False,13
2,67,0.02080179440478484,0.09087099879980087,0.07683099806308746,0.11899807093488246,0.04080060124397278,0.08302079886198044,0.06702066212892532,0.10669687275871031,0.03907984122633934,91.94071329319131,29.411764705882355,0.05,17,128,False,14
2,68,0.020740431174635886,0.08642066270112991,0.07551474124193192,0.11476500740819943,0.03566230461001396,0.07861883193254471,0.06347859650850296,0.10104679343729192,0.0359918549656868,91.47753589624826,29.411764705882355,0.05,17,128,False,15
3,1,0.4364724748664432,0.133266881108284,0.07450418919324875,0.1526791902151531,-0.05214761942625046,0.10976722091436386,0.051003824919462204,0.12103814725087235,-0.06342562288045883,100.0,12.5,0.05,16,128,True,0
3,2,0.3390368261271053,0.10646765679121017,0.11447131633758545,0.15632992726725947,0.08113215863704681,0.08725716173648834,0.07936020195484161,0.11794852073855798,0.08000805974006653,99.06496062992126,25.0,0.05,16,128,True,0
3,3,0.41668248375256856,0.12375672161579132,0.10708659887313843,0.1636559410350885,0.007884614169597626,0.09866343438625336,0.06845385581254959,0.12008498698391891,-0.015001077204942703,80.31496062992126,31.25,0.05,16,128,False,1
3,4,0.34555345873037974,0.0963306576013565,0.08428643643856049,0.12799920675657764,0.017904426902532578,0.06580030173063278,0.05435233935713768,0.08534551049082043,0.005393430590629578,84.69488188976378,37.5,0.05,16,128,True,0
3,5,0.3141995921730995,0.12158800661563873,0.12147169560194016,0.17186918032070125,0.08322498202323914,0.09509709477424622,0.09351872652769089,0.13337620149105217,0.08341480791568756,81.25,18.75,0.05,16,128,False,1
3,6,0.2823067843914032,0.12708427011966705,0.13175275921821594,0.18305518922309258,0.08842355757951736,0.09897985309362411,0.1042165756225586,0.14372928537513258,0.08415433764457703,81.25,18.75,0.05,16,128,False,2
3,7,0.2874124821689394,0.11299701780080795,0.11079459637403488,0.15825223160589444,0.042068179696798325,0.08002927899360657,0.07593201100826263,0.11031933541773918,0.033836886286735535,74.16338582677164,31.25,0.05,16,128,False,3
3,8,0.25688838677273856,0.11679485440254211,0.11906938999891281,0.16678895909199284,0.07573865354061127,0.08942016959190369,0.09076268970966339,0.12741206185720164,0.07738292217254639,86.02362204724409,18.75,0.05,16,128,False,4
3,9,0.2541292205452919,0.11789365857839584,0.10855158418416977,0.16025716812003496,0.018521223217248917,0.08473025262355804,0.07364369183778763,0.11226134500461568,0.010652195662260056,67.91338582677164,37.5,0.05,16,128,False,5
3,10,0.23878589951329762,0.09120218455791473,0.08408881723880768,0.12405146635029546,0.008503518998622894,0.05922796204686165,0.06070161983370781,0.08480942029850237,0.004107613116502762,90.10826771653544,37.5,0.05,16,128,True,0
3,11,0.2832790623108546,0.11472335457801819,0.11688365042209625,0.16377800730162936,0.09208819270133972,0.09459700435400009,0.08266877382993698,0.12562930128220995,0.08984841406345367,91.63385826771653,31.25,0.05,16,128,False,1
3,12,0.2138632655143738,0.11241964995861053,0.11474664509296417,0.16063925551821517,0.05819377675652504,0.07845384627580643,0.08301359415054321,0.11422023807448639,0.04918784648180008,86.31889763779527,37.5,0.05,16,128,False,2
3,13,0.19872521013021469,0.11253644526004791,0.11378501355648041,0.16003587897916707,0.08299179375171661,0.07772648334503174,0.07897501438856125,0.11080821253942646,0.06297024339437485,84.05511811023622,31.25,0.05,16,128,False,3
3,14,0.17458317254980404,0.10622522234916687,0.09314978867769241,0.14128226751388476,0.012165535241365433,0.07703385502099991,0.05871634930372238,0.09685982193022973,-0.0044997334480285645,99.21259842519686,31.25,0.05,16,128,False,4
3,15,0.1440543474422561,0.12116068601608276,0.12281352281570435,0.17251978029129258,0.09500455856323242,0.09820263832807541,0.09283488243818283,0.13513723912244327,0.09294687956571579,91.04330708661418,31.25,0.05,16,128,False,5
3,16,0.13525642247663605,0.1074560284614563,0.11366286128759384,0.15641624428279322,0.0762026384472847,0.09261167794466019,0.08339551091194153,0.12462637614922335,0.08604223281145096,98.62204724409449,25.0,0.05,16,128,False,6
3,17,0.18468949695428213,0.0998314842581749,0.09891495853662491,0.14053645260193307,0.02953033149242401,0.06670106947422028,0.06713467836380005,0.09463666307369999,0.022035114467144012,76.18110236220473,37.5,0.05,16,128,False,7
3,18,0.1593502995868524,0.10497826337814331,0.10998667776584625,0.15204441789800346,0.05880281701683998,0.07493903487920761,0.08093497902154922,0.11030108217147738,0.0597781166434288,90.20669291338584,43.75,0.05,16,128,False,8
3,19,0.12365786764356825,0.10498885810375214,0.08828651160001755,0.1371756887782397,0.0113336481153965,0.071121945977211,0.05722445994615555,0.09128510076033142,0.0037706159055233,83.95669291338584,37.5,0.05,16,128,False,9
3,20,0.10024432233638234,0.11025363206863403,0.11262722313404083,0.1576094969394152,0.07499697804450989,0.08865970373153687,0.08425536751747131,0.1223090697910311,0.08042961359024048,96.45669291338584,31.25,0.05,16,128,False,10
3,21,0.09024411253631115,0.11843452602624893,0.12271440774202347,0.17054490169968492,0.0947335809469223,0.09836019575595856,0.08933749049901962,0.1328755607678377,0.09300448000431061,97.83464566929135,31.25,0.05,16,128,False,11
3,22,0.07749891844060686,0.09599751234054565,0.11487185955047607,0.14970326328699216,0.05795489624142647,0.07587596774101257,0.08052811771631241,0.11064329660102205,0.05387650802731514,97.88385826771653,50.0,0.05,16,128,False,12
3,23,0.08492343732052379,0.10593767464160919,0.11083663254976273,0.1533217217447426,0.04843469709157944,0.07232685387134552,0.08059179782867432,0.10828763436546122,0.04612811654806137,91.78149606299212,37.5,0.05,16,128,False,13
3,24,0.06498355095585187,0.11213494837284088,0.09623336046934128,0.14776707128555364,0.020377911627292633,0.07319715619087219,0.06968479603528976,0.10106332231840534,0.02330760657787323,85.9251968503937,31.25,0.05,16,128,False,14
3,25,0.07570079279442628,0.11562995612621307,0.08996053040027618,0.14650319296446188,0.01671377196907997,0.08443272113800049,0.05855167284607887,0.10274815811411382,0.005497302860021591,98.86811023622047,18.75,0.05,16,128,False,15
4,1,0.3216953838980475,0.11628463119268417,0.10359779000282288,0.15573893652499216,0.09759011119604111,0.09528309106826782,0.08181200176477432,0.1255869051123284,0.08383186906576157,70.23622047244093,35.0,0.05,20,128,True,0
4,2,0.3430765234800272,0.10467958450317383,0.05644163861870766,0.11892634022807348,-0.01907111145555973,0.07977626472711563,0.044829390943050385,0.09150915507404246,-0.010835818946361542,84.60629921259843,20.0,0.05,20,128,True,0
4,3,0.30667033224085044,0.10974486172199249,0.09547945111989975,0.14546566551208095,0.08090072870254517,0.09550456702709198,0.08135285973548889,0.12545681718540252,0.08276145160198212,76.33858267716536,25.0,0.05,20,128,False,1
4,4,0.3211544031320616,0.10289214551448822,0.0633120983839035,0.12081066236119652,-0.005643877200782299,0.07974807173013687,0.04896775260567665,0.09358202270120523,0.012887249700725079,94.84251968503938,25.0,0.05,20,128,True,0
4,5,0.24475505445585694,0.11438028514385223,0.10295410454273224,0.1538908602189571,0.09438888728618622,0.10220763832330704,0.08529756963253021,0.1331242870593793,0.09496356546878815,79.21259842519684,35.0,0.05,20,128,False,1
4,6,0.23023816432024158,0.12963800132274628,0.11177284270524979,0.17117002977171442,0.12224151939153671,0.12911804020404816,0.09118109196424484,0.15806789858948,0.12911804020404816,93.9763779527559,25.0,0.05,20,128,False,2
4,7,0.21580003392557764,0.11842375993728638,0.10270097851753235,0.1567535511790327,0.09960432350635529,0.09697941690683365,0.08012538403272629,0.12579778065069389,0.08582551777362823,79.64566929133858,35.0,0.05,20,128,False,3
4,8,0.19597794609360916,0.13694611191749573,0.10871265083551407,0.17485044722220344,0.12721475958824158,0.10469893366098404,0.08025086671113968,0.13191689725162084,0.09516880661249161,98.14960629921259,35.0,0.05,20,128,False,4
4,9,0.18958874168091042,0.1104530468583107,0.09766006469726562,0.14743595669582674,0.08714324235916138,0.09157031029462814,0.0767953172326088,0.11951000766617112,0.07878504693508148,89.44881889763779,30.0,0.05,20,128,False,5
4,10,0.17779670291861824,0.12575919926166534,0.10202457010746002,0.1619394514841552,0.1109016165137291,0.10345586389303207,0.0830165222287178,0.1326456213625834,0.0979890450835228,98.7007874015748,35.0,0.05,20,128,False,6
4,11,0.14310099253820818,0.13214895129203796,0.10466767102479935,0.16857836127204967,0.12120083719491959,0.12662887573242188,0.08860684931278229,0.15455111550447187,0.12536022067070007,98.74015748031495,30.0,0.05,20,128,False,7
4,12,0.17653702203790808,0.12642589211463928,0.08469436317682266,0.15217305671020762,0.10711042582988739,0.09472931921482086,0.07045228779315948,0.11805579056513837,0.08587896823883057,99.7244094488189,25.0,0.05,20,128,False,8
4,13,0.17868440251710804,0.13701769709587097,0.1022210568189621,0.17094733492368522,0.13190819323062897,0.13284580409526825,0.08183245360851288,0.15602743868162017,0.1314941644668579,99.09448818897638,30.0,0.05,20,128,False,9
4,14,0.14000242541349212,0.12054838985204697,0.09953641891479492,0.15633110683138587,0.10853205621242523,0.09364805370569229,0.07749924808740616,0.12155694587860794,0.08715065568685532,97.95275590551181,35.0,0.05,20,128,False,10
4,15,0.10558338762195997,0.1198151484131813,0.09626330435276031,0.15369546150716473,0.1008627638220787,0.09500281512737274,0.07674067467451096,0.12212562071008987,0.08590532839298248,97.95275590551181,30.0,0.05,20,128,False,11
4,16,0.12867814787598544,0.13261786103248596,0.11117257922887802,0.17305154600362155,0.13013938069343567,0.1606958508491516,0.08781804144382477,0.18312608729941293,0.1606958508491516,99.80314960629921,5.0,0.05,20,128,False,12
4,17,0.11202668749489063,0.14871352910995483,0.10877266526222229,0.18424767850269969,0.146319180727005,0.1264628767967224,0.08336527645587921,0.151468243244127,0.12462474405765533,95.66929133858267,20.0,0.05,20,128,False,13
4,18,0.10749647463130396,0.1807609349489212,0.10293980687856674,0.20801709830462173,0.1807609349489212,0.17138329148292542,0.0787469670176506,0.18860890382125284,0.17138329148292542,100.0,0.0,0.05,20,128,False,14
4,19,0.0956627156065647,0.1647741049528122,0.10605364292860031,0.19595377550259732,0.16454990208148956,0.14572814106941223,0.08377894014120102,0.16809402828438186,0.14572814106941223,99.25196850393701,10.0,0.05,20,128,False,15
5,1,0.35822411529211834,0.14803823828697205,0.08596912771463394,0.17118999134617108,-0.05792137235403061,0.09984660893678665,0.06647150963544846,0.11994917679937911,-0.030678940936923027,99.29548280149191,5.263157894736842,0.05,19,128,True,0
5,2,0.2706704946573485,0.18222515285015106,0.11153282970190048,0.21364826162574224,-0.14589948952198029,0.10791156440973282,0.07612157613039017,0.13205832339243417,-0.06607238948345184,99.29548280149191,10.526315789473683,0.05,19,128,False,1
5,3,0.24104921096427875,0.22944413125514984,0.13274644315242767,0.26507777055783555,-0.21839138865470886,0.14839939773082733,0.10073478519916534,0.17935963448562947,-0.14010745286941528,99.54413593037714,10.526315789473683,0.05,19,128,False,2
5,4,0.21737594631585208,0.2026122808456421,0.11668693274259567,0.23381097797621378,-0.18338915705680847,0.10858724266290665,0.08255045115947723,0.13640294385619783,-0.0848044827580452,99.6270203066722,10.526315789473683,0.05,19,128,False,3
5,5,0.1988564689897678,0.27145546674728394,0.13937023282051086,0.30514280827729756,-0.2694031894207001,0.1608947515487671,0.09918086975812912,0.1890078355247311,-0.1572778970003128,99.33692498963946,10.526315789473683,0.05,19,128,False,4
5,6,0.18011088567701253,0.1864268034696579,0.11059189587831497,0.21676142291006067,-0.16722846031188965,0.10763395577669144,0.08381617069244385,0.13641926115671396,-0.09244445711374283,99.46125155408205,15.789473684210526,0.05,19,128,False,5
5,7,0.16845633745701474,0.239551842212677,0.12775470316410065,0.27148913646886086,-0.23244734108448029,0.1550772339105606,0.09326077252626419,0.18095999528461484,-0.14996227622032166,99.6270203066722,5.263157894736842,0.05,19,128,False,6
5,8,0.16120204782452097,0.25460293889045715,0.13353008031845093,0.28749425871962925,-0.24946026504039764,0.16470234096050262,0.09711451828479767,0.19120169433135814,-0.16142936050891876,99.58557811852465,10.526315789473683,0.05,19,128,False,7
5,9,0.1497443632476709,0.2892785668373108,0.13392525911331177,0.31877585240784795,-0.2878219485282898,0.1863964945077896,0.09619059413671494,0.20975289794559038,-0.18549256026744843,98.92250310816412,5.263157894736842,0.05,19,128,False,8
5,10,0.1438070120797916,0.3904656767845154,0.13047832250595093,0.411689291086524,-0.3904656767845154,0.2767826020717621,0.09239404648542404,0.2917966538802487,-0.2767826020717621,100.0,0.0,0.05,19,128,False,9
5,11,0.13952812014824964,0.3694513440132141,0.13215333223342896,0.3923758559799458,-0.3694513440132141,0.24496038258075714,0.09447023272514343,0.26254564580962775,-0.24496038258075714,100.0,0.0,0.05,19,128,False,10
5,12,0.128199643116783,0.34336012601852417,0.1339332014322281,0.3685570397880621,-0.34336012601852417,0.2147386223077774,0.09624020755290985,0.23531858126063424,-0.2147386223077774,99.79278905926233,5.263157894736842,0.05,19,128,False,11
5,13,0.1246932435950095,0.3643062114715576,0.14325940608978271,0.39146173506485793,-0.3643062114715576,0.23207172751426697,0.10231728851795197,0.2536259350945093,-0.23207172751426697,99.79278905926233,5.263157894736842,0.05,19,128,False,12
5,14,0.12196900221434506,0.44838860630989075,0.14134900271892548,0.4701402868500208,-0.44838860630989075,0.2895546555519104,0.10136067867279053,0.30678310850073404,-0.2895546555519104,100.0,0.0,0.05,19,128,False,13
5,15,0.11347978833046826,0.3065742254257202,0.13687174022197723,0.3357404419219491,-0.3050307333469391,0.1992596983909607,0.0982232391834259,0.22215361496385785,-0.19809655845165253,99.70990468296725,5.263157894736842,0.05,19,128,False,14
5,16,0.09783304093236272,0.3626731336116791,0.1381908357143402,0.3881088856716612,-0.3626731336116791,0.23443926870822906,0.0989643782377243,0.25447145788941333,-0.23443926870822906,100.0,0.0,0.05,19,128,False,15
6,1,0.34701732702033466,0.13080063462257385,0.09413482993841171,0.16115263614667313,0.12510599195957184,0.08679920434951782,0.06213461235165596,0.10674647066856156,0.071422278881073,96.85039370078741,19.047619047619047,0.05,21,128,True,0
6,2,0.3056583051071611,0.10895179212093353,0.07392696291208267,0.1316650837665286,0.006340302061289549,0.08794836699962616,0.06315631419420242,0.1082757392873696,-0.012903176248073578,80.68991376077989,28.57142857142857,0.05,21,128,True,0
6,3,0.315023829943912,0.1151045709848404,0.09192217886447906,0.1473049639970101,0.07895505428314209,0.07561543583869934,0.05586130544543266,0.0940115875301554,-0.011878371238708496,99.70003749531308,9.523809523809524,0.05,21,128,True,0
6,4,0.294825641568317,0.11769568175077438,0.09568266570568085,0.15168205245633037,0.093885637819767,0.07612814009189606,0.060658857226371765,0.09733957443956284,0.038746077567338943,98.08773903262093,19.047619047619047,0.05,21,128,False,1
6,5,0.269871843762176,0.0925559252500534,0.07906178385019302,0.12172660122256199,0.01707352139055729,0.07035785913467407,0.058203257620334625,0.09131181170663039,-0.007232433184981346,97.22534683164605,38.095238095238095,0.05,21,128,True,0
6,6,0.2464046078019364,0.10659193992614746,0.07982654869556427,0.13316953576752602,0.08983165770769119,0.08047197759151459,0.05657288059592247,0.09836783555285213,0.06826648116111755,94.11323584551931,33.33333333333333,0.05,21,128,False,1
6,7,0.22903096229704314,0.09504714608192444,0.07237903773784637,0.11946835156378535,0.07828494161367416,0.06355754286050797,0.04960035905241966,0.08062107370024145,0.0452735610306263,94.71316085489313,38.095238095238095,0.05,21,128,True,0
6,8,0.216555911181278,0.09187919646501541,0.09208077937364578,0.1300794289211411,0.04225683584809303,0.07453307509422302,0.06276524811983109,0.0974405290262508,0.03169192001223564,98.87514060742407,42.857142857142854,0.05,21,128,False,1
6,9,0.21268771762071653,0.13125784695148468,0.10825306177139282,0.17013921759264414,0.12440713495016098,0.10534503310918808,0.07481236010789871,0.12920706502396914,0.09968689829111099,98.20022497187851,19.047619047619047,0.05,21,128,False,2
6,10,0.20281786029768545,0.08669308573007584,0.08256611227989197,0.11971989499517655,0.01959717646241188,0.06470303237438202,0.059514451771974564,0.08791162451903844,0.005613381043076515,94.22572178477688,47.61904761904761,0.05,21,128,True,0
6,11,0.17226195829205734,0.10899735987186432,0.07534315437078476,0.13250288215687467,-0.031924791634082794,0.07013662904500961,0.0558558888733387,0.08966062375685813,-0.01606687717139721,98.35020622422196,28.57142857142857,0.05,21,128,False,1
6,12,0.15562695507393326,0.13978955149650574,0.10084743052721024,0.17236974342054664,-0.06546308845281601,0.09493699669837952,0.0658196359872818,0.11552167493208634,-0.03048340417444706,94.8631421072366,28.57142857142857,0.05,21,128,False,2
6,13,0.14763364594343098,0.14173224568367004,0.0872194692492485,0.16641896561946648,-0.05928575247526169,0.10840665549039841,0.06970363855361938,0.12888210243852236,-0.059936512261629105,99.5875515560555,14.285714285714285,0.05,21,128,False,3
6,14,0.13138937798523626,0.1293012499809265,0.09240363538265228,0.1589252861214949,-0.0241777952760458,0.09921659529209137,0.06590407341718674,0.11911036544877414,-0.02834446169435978,97.82527184101987,19.047619047619047,0.05,21,128,False,4
6,15,0.1255321723603925,0.14218223094940186,0.09025369584560394,0.16840876012075706,-0.06792798638343811,0.09944760054349899,0.06535069644451141,0.11899807484806589,-0.04502841457724571,97.4878140232471,19.047619047619047,0.05,21,128,False,5
6,16,0.11864219714216022,0.10539621114730835,0.07166033238172531,0.12745024113340453,-0.048719633370637894,0.0736188292503357,0.057068344205617905,0.09314787742089947,-0.028715485706925392,97.9002624671916,33.33333333333333,0.05,21,128,False,6
6,17,0.10858193135192228,0.1420535147190094,0.0721399113535881,0.15932157546675307,-0.02623741701245308,0.10025299340486526,0.05653286725282669,0.11509401048614747,-0.014214824885129929,99.0626171728534,9.523809523809524,0.05,21,128,False,7
6,18,0.1303431720927704,0.14146651327610016,0.08955685049295425,0.16743118739963708,-0.02531070075929165,0.09892302751541138,0.06379593908786774,0.117710183682569,-0.017856385558843613,99.13760779902512,19.047619047619047,0.05,21,128,False,8
6,19,0.11968304563400357,0.13745805621147156,0.08387461304664612,0.16102690250488128,-0.0530037097632885,0.09212251007556915,0.05915631353855133,0.10948070884441707,-0.03053179755806923,98.68766404199475,14.285714285714285,0.05,21,128,False,9
6,20,0.11033738906993422,0.169286847114563,0.07796721160411835,0.18637844261991388,-0.02167476899921894,0.13256965577602386,0.07540704309940338,0.1525153758356986,-0.00804914627224207,98.87514060742407,9.523809523809524,0.05,21,128,False,10
6,21,0.11263345294567041,0.12985235452651978,0.07686924189329147,0.15089902157316207,-0.045062869787216187,0.10078278183937073,0.061332348734140396,0.11797807179814228,-0.045826926827430725,96.66291713535807,14.285714285714285,0.05,21,128,False,11
6,22,0.12509649394209996,0.12905606627464294,0.08999749273061752,0.15733726821473806,0.01551850326359272,0.08678236603736877,0.06745739281177521,0.10991668251044473,0.02264304645359516,97.71278590176227,23.809523809523807,0.05,21,128,False,12
6,23,0.10786815589770328,0.11457084119319916,0.06761343777179718,0.1330340515000345,-0.02674904838204384,0.0760771781206131,0.04640504717826843,0.0891132250022184,-0.01507074199616909,97.4878140232471,19.047619047619047,0.05,21,128,False,13
6,24,0.10045299583742785,0.1611224114894867,0.07611658424139023,0.17819697573904655,-0.039881955832242966,0.12027651816606522,0.054088350385427475,0.13187869049847364,-0.035625893622636795,99.25009373828271,9.523809523809524,0.05,21,128,False,14
6,25,0.08500932993064093,0.17007184028625488,0.10967815667390823,0.20237026850899012,-0.11148249357938766,0.1047130897641182,0.07385756075382233,0.12813965841504868,-0.06568912416696548,99.81252343457068,14.285714285714285,0.05,21,128,False,15
