video_id,power_mW,true_z_phys,pred_z_phys,abs_err_z_phys
"#250617Video(14-21)#\18,5",18.5,4.1512856,4.192828,0.04154253
#250617Video(14-21)#\18,18.0,4.1057143,4.1543636,0.04864931
"#250617Video(14-21)#\20,5",20.5,4.271905,4.337557,0.06565189
#250617Video(14-21)#\20,20.0,4.242449,4.302647,0.060198307
"#250627Video(3-15)#\12,5",12.5,3.6810884,3.6459532,0.03513527
#250627Video(3-15)#\13,13.0,3.7229285,3.700551,0.022377491
"#250715Video(10-20)#\15,5",15.5,3.9396598,3.9453578,0.0056979656
#250715Video(10-20)#\16,16.0,3.962449,3.989628,0.027179003
"@250624Video@\11,5",11.5,3.575238,3.529677,0.045561075
"@250624Video@\12,5",12.5,3.7081633,3.6459532,0.062210083
"@250624Video@\5,5",5.5,2.3491836,2.430011,0.080827475
@250624Video@\9,9.0,3.2013605,3.1838906,0.017469883
#c259710\14,14.0,3.7477858,3.803655,0.055869102
"#c259710\5,5",5.5,2.332517,2.430011,0.097494125
"#c259710\7,5",7.5,2.8831294,2.9185953,0.035465956
"#c259710\8,5",8.5,3.0493197,3.1017501,0.05243039
#d250710\13,13.0,3.7634287,3.700551,0.062877655
"#d250710\14,5",14.5,3.889592,3.8524828,0.037109137
#d250710\5,5.0,2.0721087,2.2616568,0.18954802
"#d250710\6,5",6.5,2.6682143,2.70123,0.033015728
#d250710\6,6.0,2.5665,2.5742571,0.007757187
#d250710\8,8.0,3.067619,3.0136762,0.05394292
