fold,epoch,train_loss,final_mae_z_phys,final_mae_std_z_phys,final_rmse_z_phys,final_bias_z_phys,mean_ept_pct,pct_videos_ept_found,ept_threshold_um,n_videos,n_frames,improved,epochs_without_improvement
1,1,0.41400570110526197,0.07064589112997055,0.14531175792217255,0.1615745846307271,-0.04896567389369011,51.85601799775028,61.904761904761905,0.05,21,128,True,0
1,2,0.3635086345291415,0.06477256864309311,0.1392717808485031,0.15359724752920334,-0.016407407820224762,48.06899137607799,66.66666666666666,0.05,21,128,True,0
1,3,0.28791969819644164,0.07276882231235504,0.13224415481090546,0.15094310049167067,0.0006129202665761113,56.65541807274091,52.38095238095239,0.05,21,128,False,1
1,4,0.30318572294226914,0.06900457292795181,0.1380261480808258,0.15431411864102706,-0.021117355674505234,38.582677165354326,71.42857142857143,0.05,21,128,False,2
1,5,0.27979389868330123,0.06256940215826035,0.13737556338310242,0.15095355215072412,-0.02263658121228218,47.3190851143607,76.19047619047619,0.05,21,128,True,0
1,6,0.25372096055815385,0.060340337455272675,0.13704153895378113,0.14973756885555642,-0.021450499072670937,45.556805399325086,76.19047619047619,0.05,21,128,True,0
1,7,0.2575384640069895,0.06473708152770996,0.1351330727338791,0.14983937559415417,-0.017109181731939316,55.53055868016498,71.42857142857143,0.05,21,128,False,1
1,8,0.2634136302093434,0.0722164735198021,0.13320252299308777,0.15151941581752557,-0.0007472861325368285,54.330708661417326,57.14285714285714,0.05,21,128,False,2
1,9,0.24723212338637474,0.06278855353593826,0.13616809248924255,0.14994716284910117,-0.020465847104787827,42.96962879640044,76.19047619047619,0.05,21,128,False,3
1,10,0.22640727035874544,0.06481651961803436,0.13374942541122437,0.14862736054094722,-0.014355795457959175,51.44356955380577,66.66666666666666,0.05,21,128,False,4
1,11,0.20816902088564496,0.06553532183170319,0.13443885743618011,0.14956162215994262,-0.01885369047522545,54.5556805399325,71.42857142857143,0.05,21,128,False,5
1,12,0.1810497885006805,0.06351416558027267,0.13197137415409088,0.14645988895486348,-0.017859280109405518,55.23059617547807,71.42857142857143,0.05,21,128,False,6
1,13,0.20528231868736965,0.06646004319190979,0.12801359593868256,0.1442373677342955,-0.004919097758829594,56.617922759655045,61.904761904761905,0.05,21,128,False,7
1,14,0.17650448990076087,0.06250885874032974,0.13221317529678345,0.14624527809475807,-0.017010189592838287,55.38057742782152,71.42857142857143,0.05,21,128,False,8
1,15,0.1632946004961119,0.06861397624015808,0.1252756267786026,0.14283508504083106,0.001939870067872107,60.29246344206975,47.61904761904761,0.05,21,128,False,9
1,16,0.13522964009885177,0.06543946266174316,0.13231918215751648,0.14761669572726582,-0.02310972288250923,55.75553055868018,66.66666666666666,0.05,21,128,False,10
1,17,0.15055196039205374,0.060841698199510574,0.12859414517879486,0.1422609040190819,-0.013560791499912739,55.11811023622047,71.42857142857143,0.05,21,128,False,11
1,18,0.11836373780009359,0.05732472613453865,0.1265680193901062,0.13894453912347624,-0.019444242119789124,49.26884139482564,80.95238095238095,0.05,21,128,True,0
1,19,0.09511899086105269,0.05903761088848114,0.13006633520126343,0.14283798652918925,-0.03697265312075615,38.17022872140982,80.95238095238095,0.05,21,128,False,1
1,20,0.08621769952912663,0.06529468297958374,0.13012753427028656,0.14559042588733945,-0.009089640341699123,53.6182977127859,66.66666666666666,0.05,21,128,False,2
1,21,0.07790559404637924,0.05755689740180969,0.12036893516778946,0.1334221744781932,-0.01132628507912159,48.3689538807649,61.904761904761905,0.05,21,128,False,3
1,22,0.10012159470555394,0.05969306454062462,0.1318661868572235,0.14474788745473413,-0.018152626231312752,44.13198350206225,76.19047619047619,0.05,21,128,False,4
1,23,0.09182821567235298,0.06020401790738106,0.12126568704843521,0.13538792577211145,-0.010685205459594727,59.5050618672666,71.42857142857143,0.05,21,128,False,5
1,24,0.08667124166738155,0.05491962283849716,0.12326914817094803,0.13494979326579318,-0.021893814206123352,53.0933633295838,85.71428571428571,0.05,21,128,True,0
1,25,0.07928980267498383,0.0648040622472763,0.1253083348274231,0.14107356453027858,0.0005939233815297484,56.580427446569175,61.904761904761905,0.05,21,128,False,1
1,26,0.06639550162782502,0.06341668218374252,0.126027449965477,0.14108363833477078,-0.011677585542201996,50.881139857517816,61.904761904761905,0.05,21,128,False,2
1,27,0.07102738749669042,0.059341028332710266,0.12637031078338623,0.139609511492235,-0.009852074086666107,47.169103862017245,71.42857142857143,0.05,21,128,False,3
1,28,0.05987266871298468,0.05316292494535446,0.12784619629383087,0.13845919700604403,-0.02393253706395626,39.632545931758536,85.71428571428571,0.05,21,128,True,0
1,29,0.07833865791732489,0.059842221438884735,0.12897609174251556,0.14218271635203983,-0.021552585065364838,43.232095988001504,76.19047619047619,0.05,21,128,False,1
1,30,0.04362519516414681,0.05618820711970329,0.1228272095322609,0.13506900805125255,-0.019720954820513725,39.59505061867266,76.19047619047619,0.05,21,128,False,2
1,31,0.05422646010857682,0.04912169650197029,0.12467850744724274,0.13400624043964704,-0.024716785177588463,30.633670791151104,90.47619047619048,0.05,21,128,True,0
1,32,0.04621243645805259,0.056795597076416016,0.12297947704792023,0.13546103582010674,-0.015390078537166119,40.719910011248594,71.42857142857143,0.05,21,128,False,1
1,33,0.04018488136488338,0.048570066690444946,0.10411274433135986,0.11488479591143931,-0.019105754792690277,36.70791151106112,76.19047619047619,0.05,21,128,True,0
1,34,0.038242478096900984,0.05699906870722771,0.11654005199670792,0.12973233160453945,-0.011908576823771,46.11923509561305,66.66666666666666,0.05,21,128,False,1
1,35,0.03509850702573394,0.054320596158504486,0.11643698811531067,0.12848461437887304,-0.014765685424208641,42.48218972628421,76.19047619047619,0.05,21,128,False,2
1,36,0.032593002932709315,0.05146666243672371,0.12171155214309692,0.13214582122098237,-0.02090948447585106,36.33295838020248,80.95238095238095,0.05,21,128,False,3
1,37,0.03160138069760314,0.04966537281870842,0.11940721422433853,0.12932413453465694,-0.021159209311008453,30.03374578177728,80.95238095238095,0.05,21,128,False,4
1,38,0.03194416671731444,0.049883678555488586,0.11525889486074448,0.12559057586077804,-0.018238607794046402,36.782902137232846,76.19047619047619,0.05,21,128,False,5
1,39,0.026641179395969525,0.05291714146733284,0.11069084703922272,0.12268940149573941,-0.012703510001301765,36.820397450318715,76.19047619047619,0.05,21,128,False,6
1,40,0.024846905106028844,0.05780680850148201,0.12568522989749908,0.138341624609194,-0.015473433770239353,33.55830521184852,76.19047619047619,0.05,21,128,False,7
1,41,0.03551614910450786,0.0473596565425396,0.10419291257858276,0.11445130568090152,-0.01157468557357788,35.470566179227596,85.71428571428571,0.05,21,128,True,0
1,42,0.026788463328726763,0.049139682203531265,0.12137551605701447,0.13094549049996687,-0.021411029621958733,31.421072365954256,80.95238095238095,0.05,21,128,False,1
1,43,0.023639322150238725,0.049568720161914825,0.1094408929347992,0.12014310448645829,-0.014338584616780281,36.257967754030744,76.19047619047619,0.05,21,128,False,2
1,44,0.021137345279025478,0.053089261054992676,0.11734699457883835,0.12879746355003047,-0.022938575595617294,37.15785526809149,80.95238095238095,0.05,21,128,False,3
1,45,0.024986699894936973,0.049323711544275284,0.11850713193416595,0.12836188190261985,-0.023122962564229965,28.1214848143982,85.71428571428571,0.05,21,128,False,4
1,46,0.02277454361319542,0.04926414042711258,0.11184278875589371,0.1222119730090004,-0.015635041519999504,36.07049118860142,76.19047619047619,0.05,21,128,False,5
1,47,0.023102247697669408,0.049385298043489456,0.11762889474630356,0.127575318001342,-0.01900438778102398,35.508061492313466,76.19047619047619,0.05,21,128,False,6
1,48,0.022146721890326158,0.04932013154029846,0.10918345302343369,0.11980609616849772,-0.01739647053182125,37.0453693288339,76.19047619047619,0.05,21,128,False,7
1,49,0.027817272212962773,0.05840100720524788,0.12553967535495758,0.13845896158421198,-0.018287144601345062,32.7334083239595,71.42857142857143,0.05,21,128,False,8
1,50,0.025822212757152872,0.05266963690519333,0.12708286941051483,0.1375650709783752,-0.017299652099609375,36.22047244094488,76.19047619047619,0.05,21,128,False,9
1,51,0.023591991124111554,0.05450936034321785,0.11469109356403351,0.1269854871143314,-0.012615288607776165,37.53280839895013,76.19047619047619,0.05,21,128,False,10
1,52,0.02037498745850699,0.05590972304344177,0.12041948735713959,0.13276577576418488,-0.01621248573064804,37.08286464191976,76.19047619047619,0.05,21,128,False,11
1,53,0.02452187409061332,0.04986855015158653,0.12092561274766922,0.13080471235123634,-0.025231823325157166,34.12073490813648,85.71428571428571,0.05,21,128,False,12
1,54,0.018324159248190565,0.054242782294750214,0.12263957411050797,0.1340997596683987,-0.012694372795522213,35.39557555305587,71.42857142857143,0.05,21,128,False,13
1,55,0.017005606933475234,0.051684312522411346,0.11654981225728989,0.1274955897409955,-0.01727803610265255,37.12035995500563,76.19047619047619,0.05,21,128,False,14
1,56,0.015268058797647787,0.0525476299226284,0.124732606112957,0.13534945339084403,-0.018312040716409683,36.89538807649044,71.42857142857143,0.05,21,128,False,15
