video_id,power_mW,true_x_phys,pred_x_phys,abs_err_x_phys,true_y_phys,pred_y_phys,abs_err_y_phys
"#250627Video(3-15)#\10,5",10.5,0.8077143,0.79315597,0.014558315,0.7128571,0.69755554,0.015301585
#250627Video(3-15)#\10,10.0,0.78571427,0.77519095,0.010523319,0.69476193,0.6814832,0.013278723
#250627Video(3-15)#\11.5,11.5,0.82942855,0.82560927,0.0038192868,0.737381,0.7265743,0.01080668
#250627Video(3-15)#\11,11.0,0.81357145,0.809914,0.0036574602,0.71880955,0.7125425,0.006267071
"#250627Video(3-15)#\12,5",12.5,0.85833335,0.85427266,0.0040606856,0.76,0.7521893,0.007810712
#250627Video(3-15)#\12,12.0,0.8471429,0.84036183,0.0067810416,0.7504762,0.7397595,0.010716677
"#250627Video(3-15)#\13,5",13.5,0.8995238,0.8799007,0.0196231,0.7765238,0.7750809,0.0014429092
#250627Video(3-15)#\13,13.0,0.8771905,0.86742777,0.009762704,0.7738571,0.763941,0.009916127
"#250627Video(3-15)#\14,5",14.5,0.91504765,0.9030456,0.012002051,0.7940952,0.7957467,0.0016514659
#250627Video(3-15)#\14,14.0,0.90861905,0.89175487,0.01686418,0.78885716,0.7856663,0.003190875
#250627Video(3-15)#\15,15.0,0.9361905,0.913821,0.022369504,0.7988095,0.80536544,0.006555915
"#250627Video(3-15)#\3,5",3.5,0.32119048,2.4030798e-05,0.32116646,0.315,2.1313814e-05,0.3149787
"#250627Video(3-15)#\5,5",5.5,0.5055238,0.50565064,0.00012683868,0.4557143,0.43912962,0.016584665
#250627Video(3-15)#\7,7.0,0.64547616,0.62844944,0.017026722,0.58666664,0.54989964,0.036767006
"#250627Video(3-15)#\8,5",8.5,0.71690476,0.7120883,0.0048164725,0.61142856,0.6249724,0.013543844
#250627Video(3-15)#\8,8.0,0.7005238,0.68706644,0.013457358,0.603381,0.6025363,0.0008446574
#250627Video(3-15)#\9,9.0,0.73504764,0.7348997,0.00014793873,0.62261903,0.6454118,0.022792757
