video_name,video_path,xl_name,xl_path,power_mW,video_id,z_resolution,z_error
15.5,data/Early prediction/Video/#250617Video(14-21)#/15.5.mp4,"3-15_5,1000.xlsx","data/Early prediction/Imaj/1#250617_x10000_15-21@/3-15_5,1000.xlsx",15.5,#250617Video(14-21)#\15.5,3.963673469387756,0.0324904112340461
15,data/Early prediction/Video/#250617Video(14-21)#/15.mp4,"2-15,1000.xlsx","data/Early prediction/Imaj/1#250617_x10000_15-21@/2-15,1000.xlsx",15.0,#250617Video(14-21)#\15,3.925850340136056,0.0352075616933169
16.5,data/Early prediction/Video/#250617Video(14-21)#/16.5.mp4,"5-16_5,1000.xlsx","data/Early prediction/Imaj/1#250617_x10000_15-21@/5-16_5,1000.xlsx",16.5,#250617Video(14-21)#\16.5,4.026326530612245,0.0241955107514758
16,data/Early prediction/Video/#250617Video(14-21)#/16.mp4,"4-16,1000.xlsx","data/Early prediction/Imaj/1#250617_x10000_15-21@/4-16,1000.xlsx",16.0,#250617Video(14-21)#\16,3.976598639455782,0.0292263376833789
17.5,data/Early prediction/Video/#250617Video(14-21)#/17.5.mp4,"7-17_5,1000.xlsx","data/Early prediction/Imaj/1#250617_x10000_15-21@/7-17_5,1000.xlsx",17.5,#250617Video(14-21)#\17.5,4.074571428571429,0.0668994146936932
17,data/Early prediction/Video/#250617Video(14-21)#/17.mp4,"6-17,1000.xlsx","data/Early prediction/Imaj/1#250617_x10000_15-21@/6-17,1000.xlsx",17.0,#250617Video(14-21)#\17,4.0599319727891165,0.0220457603424507
"18,5","data/Early prediction/Video/#250617Video(14-21)#/18,5.mp4","9-18_5,1000.xlsx","data/Early prediction/Imaj/1#250617_x10000_15-21@/9-18_5,1000.xlsx",18.5,"#250617Video(14-21)#\18,5",4.151285714285715,0.0424438720797404
18,data/Early prediction/Video/#250617Video(14-21)#/18.mp4,"8-18,1000.xlsx","data/Early prediction/Imaj/1#250617_x10000_15-21@/8-18,1000.xlsx",18.0,#250617Video(14-21)#\18,4.105714285714287,0.0384780267062273
"19,5","data/Early prediction/Video/#250617Video(14-21)#/19,5.mp4","11-19_5,1000.xlsx","data/Early prediction/Imaj/1#250617_x10000_15-21@/11-19_5,1000.xlsx",19.5,"#250617Video(14-21)#\19,5",4.228639455782313,0.030001619651776
19,data/Early prediction/Video/#250617Video(14-21)#/19.mp4,"10-19,1000.xlsx","data/Early prediction/Imaj/1#250617_x10000_15-21@/10-19,1000.xlsx",19.0,#250617Video(14-21)#\19,4.209931972789116,0.0320282916722718
"20,5","data/Early prediction/Video/#250617Video(14-21)#/20,5.mp4","13-20_5,1000.xlsx","data/Early prediction/Imaj/1#250617_x10000_15-21@/13-20_5,1000.xlsx",20.5,"#250617Video(14-21)#\20,5",4.271904761904763,0.0161708564596763
20,data/Early prediction/Video/#250617Video(14-21)#/20.mp4,"12-20,1000.xlsx","data/Early prediction/Imaj/1#250617_x10000_15-21@/12-20,1000.xlsx",20.0,#250617Video(14-21)#\20,4.242448979591838,0.0292809851831263
21,data/Early prediction/Video/#250617Video(14-21)#/21.mp4,"14-21,1000.xlsx","data/Early prediction/Imaj/1#250617_x10000_15-21@/14-21,1000.xlsx",21.0,#250617Video(14-21)#\21,4.307823129251701,0.037546213830205
"10,5","data/Early prediction/Video/#250627Video(3-15)#/10,5.mp4","10-10_5,1000.xlsx","data/Early prediction/Imaj/4#250627_x10000_15-3@/10-10_5,1000.xlsx",10.5,"#250627Video(3-15)#\10,5",3.439183673469388,0.043176362175719
10,data/Early prediction/Video/#250627Video(3-15)#/10.mp4,"11-10,1000.xlsx","data/Early prediction/Imaj/4#250627_x10000_15-3@/11-10,1000.xlsx",10.0,#250627Video(3-15)#\10,3.4113605442176875,0.0199411183773127
11.5,data/Early prediction/Video/#250627Video(3-15)#/11.5.mp4,"8-11_5,1000.xlsx","data/Early prediction/Imaj/4#250627_x10000_15-3@/8-11_5,1000.xlsx",11.5,#250627Video(3-15)#\11.5,3.5810884353741503,0.0321631832935173
11,data/Early prediction/Video/#250627Video(3-15)#/11.mp4,"9-11,1000.xlsx","data/Early prediction/Imaj/4#250627_x10000_15-3@/9-11,1000.xlsx",11.0,#250627Video(3-15)#\11,3.5440136054421774,0.0484970418782699
"12,5","data/Early prediction/Video/#250627Video(3-15)#/12,5.mp4","6-12_5,1000.xlsx","data/Early prediction/Imaj/4#250627_x10000_15-3@/6-12_5,1000.xlsx",12.5,"#250627Video(3-15)#\12,5",3.68108843537415,0.0256065391915487
12,data/Early prediction/Video/#250627Video(3-15)#/12.mp4,"7-12,1000.xlsx","data/Early prediction/Imaj/4#250627_x10000_15-3@/7-12,1000.xlsx",12.0,#250627Video(3-15)#\12,3.648095238095239,0.0385484940634238
"13,5","data/Early prediction/Video/#250627Video(3-15)#/13,5.mp4","4-13_5,1000.xlsx","data/Early prediction/Imaj/4#250627_x10000_15-3@/4-13_5,1000.xlsx",13.5,"#250627Video(3-15)#\13,5",3.800357142857144,0.0392816129096293
13,data/Early prediction/Video/#250627Video(3-15)#/13.mp4,"5-13,1000.xlsx","data/Early prediction/Imaj/4#250627_x10000_15-3@/5-13,1000.xlsx",13.0,#250627Video(3-15)#\13,3.722928571428573,0.0388875240583647
"14,5","data/Early prediction/Video/#250627Video(3-15)#/14,5.mp4","2-14_5,1000.xlsx","data/Early prediction/Imaj/4#250627_x10000_15-3@/2-14_5,1000.xlsx",14.5,"#250627Video(3-15)#\14,5",3.8734693877551023,0.0256688941771921
14,data/Early prediction/Video/#250627Video(3-15)#/14.mp4,"3-14,1000.xlsx","data/Early prediction/Imaj/4#250627_x10000_15-3@/3-14,1000.xlsx",14.0,#250627Video(3-15)#\14,3.856071428571429,0.0347397103590752
15,data/Early prediction/Video/#250627Video(3-15)#/15.mp4,"1-15,1000.xlsx","data/Early prediction/Imaj/4#250627_x10000_15-3@/1-15,1000.xlsx",15.0,#250627Video(3-15)#\15,3.893197278911564,0.0265802779499938
"3,5","data/Early prediction/Video/#250627Video(3-15)#/3,5.mp4","24-3_5,1000.xlsx","data/Early prediction/Imaj/4#250627_x10000_15-3@/24-3_5,1000.xlsx",3.5,"#250627Video(3-15)#\3,5",1.3259183673469388,0.0265164012175049
"5,5","data/Early prediction/Video/#250627Video(3-15)#/5,5.mp4","20-5_5,1000.xlsx","data/Early prediction/Imaj/4#250627_x10000_15-3@/20-5_5,1000.xlsx",5.5,"#250627Video(3-15)#\5,5",2.474285714285714,0.0366756327936727
7,data/Early prediction/Video/#250627Video(3-15)#/7.mp4,"17-7,1000.xlsx","data/Early prediction/Imaj/4#250627_x10000_15-3@/17-7,1000.xlsx",7.0,#250627Video(3-15)#\7,2.847357142857143,0.0225080245864469
"8,5","data/Early prediction/Video/#250627Video(3-15)#/8,5.mp4","14-8_5,1000.xlsx","data/Early prediction/Imaj/4#250627_x10000_15-3@/14-8_5,1000.xlsx",8.5,"#250627Video(3-15)#\8,5",3.1257142857142863,0.0526366055601799
8,data/Early prediction/Video/#250627Video(3-15)#/8.mp4,"15-8,1000.xlsx","data/Early prediction/Imaj/4#250627_x10000_15-3@/15-8,1000.xlsx",8.0,#250627Video(3-15)#\8,3.037959183673469,0.0486544908021721
9,data/Early prediction/Video/#250627Video(3-15)#/9.mp4,"13-9,1000.xlsx","data/Early prediction/Imaj/4#250627_x10000_15-3@/13-9,1000.xlsx",9.0,#250627Video(3-15)#\9,3.2636054421768708,0.0369876400966898
"10,5","data/Early prediction/Video/@250624Video@/10,5.mp4","10-10_5,1000.xlsx","data/Early prediction/Imaj/2#250624_x10000_15-5@/10-10_5,1000.xlsx",10.5,"@250624Video@\10,5",3.438911564625851,0.0362612537405659
10,data/Early prediction/Video/@250624Video@/10.mp4,"11-10,1000.xlsx","data/Early prediction/Imaj/2#250624_x10000_15-5@/11-10,1000.xlsx",10.0,@250624Video@\10,3.371428571428572,0.0303113099387683
"11,5","data/Early prediction/Video/@250624Video@/11,5.mp4","8-11_5,1000.xlsx","data/Early prediction/Imaj/2#250624_x10000_15-5@/8-11_5,1000.xlsx",11.5,"@250624Video@\11,5",3.575238095238095,0.0280281685326122
11,data/Early prediction/Video/@250624Video@/11.mp4,"9-11,1000.xlsx","data/Early prediction/Imaj/2#250624_x10000_15-5@/9-11,1000.xlsx",11.0,@250624Video@\11,3.527278911564625,0.0204784842885422
"12,5","data/Early prediction/Video/@250624Video@/12,5.mp4","6-12_5,1000.xlsx","data/Early prediction/Imaj/2#250624_x10000_15-5@/6-12_5,1000.xlsx",12.5,"@250624Video@\12,5",3.7081632653061214,0.0324859242898817
12,data/Early prediction/Video/@250624Video@/12.mp4,"7-12,1000.xlsx","data/Early prediction/Imaj/2#250624_x10000_15-5@/7-12,1000.xlsx",12.0,@250624Video@\12,3.65047619047619,0.0335252975860215
"13,5","data/Early prediction/Video/@250624Video@/13,5.mp4","4-13_5,1000.xlsx","data/Early prediction/Imaj/2#250624_x10000_15-5@/4-13_5,1000.xlsx",13.5,"@250624Video@\13,5",3.8166428571428574,0.0327089663075211
13,data/Early prediction/Video/@250624Video@/13.mp4,"5-13,1000.xlsx","data/Early prediction/Imaj/2#250624_x10000_15-5@/5-13,1000.xlsx",13.0,@250624Video@\13,3.7634285714285713,0.0335010460423119
"14,5","data/Early prediction/Video/@250624Video@/14,5.mp4","2-14_5,1000.xlsx","data/Early prediction/Imaj/2#250624_x10000_15-5@/2-14_5,1000.xlsx",14.5,"@250624Video@\14,5",3.889591836734694,0.0292077109511982
14,data/Early prediction/Video/@250624Video@/14.mp4,"3-14,1000.xlsx","data/Early prediction/Imaj/2#250624_x10000_15-5@/3-14,1000.xlsx",14.0,@250624Video@\14,3.874285714285714,0.0387145770318923
15,data/Early prediction/Video/@250624Video@/15.mp4,"1-15,1000.xlsx","data/Early prediction/Imaj/2#250624_x10000_15-5@/1-15,1000.xlsx",15.0,@250624Video@\15,3.936530612244898,0.0388286960698393
"5,5","data/Early prediction/Video/@250624Video@/5,5.mp4","20-5_5,1000.xlsx","data/Early prediction/Imaj/2#250624_x10000_15-5@/20-5_5,1000.xlsx",5.5,"@250624Video@\5,5",2.3491836734693883,0.0341830947255302
5,data/Early prediction/Video/@250624Video@/5.mp4,"21-5,1000.xlsx","data/Early prediction/Imaj/2#250624_x10000_15-5@/21-5,1000.xlsx",5.0,@250624Video@\5,2.072108843537414,0.0357074823451956
"6,5","data/Early prediction/Video/@250624Video@/6,5.mp4","18-6_5,1000.xlsx","data/Early prediction/Imaj/2#250624_x10000_15-5@/18-6_5,1000.xlsx",6.5,"@250624Video@\6,5",2.668214285714285,0.0449916450054979
6,data/Early prediction/Video/@250624Video@/6.mp4,"19-6,1000.xlsx","data/Early prediction/Imaj/2#250624_x10000_15-5@/19-6,1000.xlsx",6.0,@250624Video@\6,2.5665,0.031165939573093
"7,5","data/Early prediction/Video/@250624Video@/7,5.mp4","16-7_5,1000.xlsx","data/Early prediction/Imaj/2#250624_x10000_15-5@/16-7_5,1000.xlsx",7.5,"@250624Video@\7,5",2.9477551020408166,0.0325374867905809
7,data/Early prediction/Video/@250624Video@/7.mp4,"17-7,1000.xlsx","data/Early prediction/Imaj/2#250624_x10000_15-5@/17-7,1000.xlsx",7.0,@250624Video@\7,2.7942857142857145,0.027963456281691
"8,5","data/Early prediction/Video/@250624Video@/8,5.mp4","14-8_5,1000.xlsx","data/Early prediction/Imaj/2#250624_x10000_15-5@/14-8_5,1000.xlsx",8.5,"@250624Video@\8,5",3.146258503401361,0.0321649961549539
8,data/Early prediction/Video/@250624Video@/8.mp4,"15-8,1000.xlsx","data/Early prediction/Imaj/2#250624_x10000_15-5@/15-8,1000.xlsx",8.0,@250624Video@\8,3.067619047619048,0.0248847684473911
"9,5","data/Early prediction/Video/@250624Video@/9,5.mp4","12-9_5,1000.xlsx","data/Early prediction/Imaj/2#250624_x10000_15-5@/12-9_5,1000.xlsx",9.5,"@250624Video@\9,5",3.2946938775510204,0.0265081537596159
9,data/Early prediction/Video/@250624Video@/9.mp4,"13-9,1000.xlsx","data/Early prediction/Imaj/2#250624_x10000_15-5@/13-9,1000.xlsx",9.0,@250624Video@\9,3.201360544217688,0.0363527956718381
"10,5","data/Early prediction/Video/#c259710/10,5.mp4","10-10_5,1000.xlsx","data/Early prediction/Imaj/#c250710_x10000_15-5/10-10_5,1000.xlsx",10.5,"#c259710\10,5",3.35952380952381,0.0259722510216047
10,data/Early prediction/Video/#c259710/10.mp4,"11-10,1000.xlsx","data/Early prediction/Imaj/#c250710_x10000_15-5/11-10,1000.xlsx",10.0,#c259710\10,3.281632653061224,0.0257590313636402
"11,5","data/Early prediction/Video/#c259710/11,5.mp4","8-11_5,1000.xlsx","data/Early prediction/Imaj/#c250710_x10000_15-5/8-11_5,1000.xlsx",11.5,"#c259710\11,5",3.4954421768707484,0.0300836217140233
11,data/Early prediction/Video/#c259710/11.mp4,"9-11,1000.xlsx","data/Early prediction/Imaj/#c250710_x10000_15-5/9-11,1000.xlsx",11.0,#c259710\11,3.4420408163265304,0.0407895830753829
"12,5","data/Early prediction/Video/#c259710/12,5.mp4","6-12_5,1000.xlsx","data/Early prediction/Imaj/#c250710_x10000_15-5/6-12_5,1000.xlsx",12.5,"#c259710\12,5",3.620952380952382,0.0304266710785976
12,data/Early prediction/Video/#c259710/12.mp4,"7-12,1000.xlsx","data/Early prediction/Imaj/#c250710_x10000_15-5/7-12,1000.xlsx",12.0,#c259710\12,3.5826530612244905,0.0290962011486516
"13,5","data/Early prediction/Video/#c259710/13,5.mp4","4-13_5,1000.xlsx","data/Early prediction/Imaj/#c250710_x10000_15-5/4-13_5,1000.xlsx",13.5,"#c259710\13,5",3.704214285714286,0.0293666587215555
13,data/Early prediction/Video/#c259710/13.mp4,"5-13,1000.xlsx","data/Early prediction/Imaj/#c250710_x10000_15-5/5-13,1000.xlsx",13.0,#c259710\13,3.6877857142857153,0.0124322006627552
"14,5","data/Early prediction/Video/#c259710/14,5.mp4","2-14_5,1000.xlsx","data/Early prediction/Imaj/#c250710_x10000_15-5/2-14_5,1000.xlsx",14.5,"#c259710\14,5",3.812312925170068,0.0396115737325162
14,data/Early prediction/Video/#c259710/14.mp4,"3-14,1000.xlsx","data/Early prediction/Imaj/#c250710_x10000_15-5/3-14,1000.xlsx",14.0,#c259710\14,3.747785714285714,0.0272730356718558
15,data/Early prediction/Video/#c259710/15.mp4,"1-15,1000.xlsx","data/Early prediction/Imaj/#c250710_x10000_15-5/1-15,1000.xlsx",15.0,#c259710\15,3.8462585034013608,0.0436322203321993
"5,5","data/Early prediction/Video/#c259710/5,5.mp4","20-5_5,1000.xlsx","data/Early prediction/Imaj/#c250710_x10000_15-5/20-5_5,1000.xlsx",5.5,"#c259710\5,5",2.332517006802721,0.0336182189487587
5,data/Early prediction/Video/#c259710/5.mp4,"21-5,1000.xlsx","data/Early prediction/Imaj/#c250710_x10000_15-5/21-5,1000.xlsx",5.0,#c259710\5,2.1165986394557823,0.0606503464843245
6.5,data/Early prediction/Video/#c259710/6.5.mp4,"18-6_5,1000.xlsx","data/Early prediction/Imaj/#c250710_x10000_15-5/18-6_5,1000.xlsx",6.5,#c259710\6.5,2.653214285714286,0.0342131908406291
6,data/Early prediction/Video/#c259710/6.mp4,"19-6,1000.xlsx","data/Early prediction/Imaj/#c250710_x10000_15-5/19-6,1000.xlsx",6.0,#c259710\6,2.5370714285714286,0.0561922337348854
"7,5","data/Early prediction/Video/#c259710/7,5.mp4","16-7_5,1000.xlsx","data/Early prediction/Imaj/#c250710_x10000_15-5/16-7_5,1000.xlsx",7.5,"#c259710\7,5",2.88312925170068,0.0283081406320638
7,data/Early prediction/Video/#c259710/7.mp4,"17-7,1000.xlsx","data/Early prediction/Imaj/#c250710_x10000_15-5/17-7,1000.xlsx",7.0,#c259710\7,2.763571428571429,0.0352633182098733
"8,5","data/Early prediction/Video/#c259710/8,5.mp4","14-8_5,1000.xlsx","data/Early prediction/Imaj/#c250710_x10000_15-5/14-8_5,1000.xlsx",8.5,"#c259710\8,5",3.049319727891157,0.0171643855749966
8,data/Early prediction/Video/#c259710/8.mp4,"15-8,1000.xlsx","data/Early prediction/Imaj/#c250710_x10000_15-5/15-8,1000.xlsx",8.0,#c259710\8,2.9495918367346943,0.0291517593446142
"9,5","data/Early prediction/Video/#c259710/9,5.mp4","12-9_5,1000.xlsx","data/Early prediction/Imaj/#c250710_x10000_15-5/12-9_5,1000.xlsx",9.5,"#c259710\9,5",3.1993197278911567,0.0270585874090891
"10,5","data/Early prediction/Video/#d250710/10,5.mp4","10-10_5,1000.xlsx","data/Early prediction/Imaj/#d250710_x10000_15-5/10-10_5,1000.xlsx",10.5,"#d250710\10,5",3.438911564625851,0.0362612537405659
10,data/Early prediction/Video/#d250710/10.mp4,"11-10,1000.xlsx","data/Early prediction/Imaj/#d250710_x10000_15-5/11-10,1000.xlsx",10.0,#d250710\10,3.371428571428572,0.0303113099387683
11,data/Early prediction/Video/#d250710/11.mp4,"9-11,1000.xlsx","data/Early prediction/Imaj/#d250710_x10000_15-5/9-11,1000.xlsx",11.0,#d250710\11,3.527278911564625,0.0204784842885422
"12,5","data/Early prediction/Video/#d250710/12,5.mp4","6-12_5,1000.xlsx","data/Early prediction/Imaj/#d250710_x10000_15-5/6-12_5,1000.xlsx",12.5,"#d250710\12,5",3.7081632653061214,0.0324859242898817
12,data/Early prediction/Video/#d250710/12.mp4,"7-12,1000.xlsx","data/Early prediction/Imaj/#d250710_x10000_15-5/7-12,1000.xlsx",12.0,#d250710\12,3.65047619047619,0.0335252975860215
13,data/Early prediction/Video/#d250710/13.mp4,"5-13,1000.xlsx","data/Early prediction/Imaj/#d250710_x10000_15-5/5-13,1000.xlsx",13.0,#d250710\13,3.7634285714285713,0.0335010460423119
"14,5","data/Early prediction/Video/#d250710/14,5.mp4","2-14_5,1000.xlsx","data/Early prediction/Imaj/#d250710_x10000_15-5/2-14_5,1000.xlsx",14.5,"#d250710\14,5",3.889591836734694,0.0292077109511982
14,data/Early prediction/Video/#d250710/14.mp4,"3-14,1000.xlsx","data/Early prediction/Imaj/#d250710_x10000_15-5/3-14,1000.xlsx",14.0,#d250710\14,3.874285714285714,0.0387145770318923
15,data/Early prediction/Video/#d250710/15.mp4,"1-15,1000.xlsx","data/Early prediction/Imaj/#d250710_x10000_15-5/1-15,1000.xlsx",15.0,#d250710\15,3.936530612244898,0.0388286960698393
"5,5","data/Early prediction/Video/#d250710/5,5.mp4","20-5_5,1000.xlsx","data/Early prediction/Imaj/#d250710_x10000_15-5/20-5_5,1000.xlsx",5.5,"#d250710\5,5",2.3491836734693883,0.0341830947255302
5,data/Early prediction/Video/#d250710/5.mp4,"21-5,1000.xlsx","data/Early prediction/Imaj/#d250710_x10000_15-5/21-5,1000.xlsx",5.0,#d250710\5,2.072108843537414,0.0357074823451956
"6,5","data/Early prediction/Video/#d250710/6,5.mp4","18-6_5,1000.xlsx","data/Early prediction/Imaj/#d250710_x10000_15-5/18-6_5,1000.xlsx",6.5,"#d250710\6,5",2.668214285714285,0.0449916450054979
6,data/Early prediction/Video/#d250710/6.mp4,"19-6,1000.xlsx","data/Early prediction/Imaj/#d250710_x10000_15-5/19-6,1000.xlsx",6.0,#d250710\6,2.5665,0.031165939573093
"7,5","data/Early prediction/Video/#d250710/7,5.mp4","16-7_5,1000.xlsx","data/Early prediction/Imaj/#d250710_x10000_15-5/16-7_5,1000.xlsx",7.5,"#d250710\7,5",2.9477551020408166,0.0325374867905809
7,data/Early prediction/Video/#d250710/7.mp4,"17-7,1000.xlsx","data/Early prediction/Imaj/#d250710_x10000_15-5/17-7,1000.xlsx",7.0,#d250710\7,2.7942857142857145,0.027963456281691
"8,5","data/Early prediction/Video/#d250710/8,5.mp4","14-8_5,1000.xlsx","data/Early prediction/Imaj/#d250710_x10000_15-5/14-8_5,1000.xlsx",8.5,"#d250710\8,5",3.146258503401361,0.0321649961549539
8,data/Early prediction/Video/#d250710/8.mp4,"15-8,1000.xlsx","data/Early prediction/Imaj/#d250710_x10000_15-5/15-8,1000.xlsx",8.0,#d250710\8,3.067619047619048,0.0248847684473911
"9,5","data/Early prediction/Video/#d250710/9,5.mp4","12-9_5,1000.xlsx","data/Early prediction/Imaj/#d250710_x10000_15-5/12-9_5,1000.xlsx",9.5,"#d250710\9,5",3.2946938775510204,0.0265081537596159
9,data/Early prediction/Video/#d250710/9.mp4,"13-9,1000.xlsx","data/Early prediction/Imaj/#d250710_x10000_15-5/13-9,1000.xlsx",9.0,#d250710\9,3.201360544217688,0.0363527956718381
