frame_idx,frame_pct,mae_z_phys,rmse_z_phys
0,0.0,0.04121068865060806,0.05245701825633674
1,0.7874015748031497,0.041486628353595734,0.054123980907356505
2,1.5748031496062993,0.04142052307724953,0.053997944076765315
3,2.362204724409449,0.04857942834496498,0.05888357604831099
4,3.1496062992125986,0.04710240289568901,0.05875959766903458
5,3.937007874015748,0.047366052865982056,0.058323084017390926
6,4.724409448818898,0.05062912777066231,0.06081332138370311
7,5.511811023622047,0.05264511704444885,0.06542127825658674
8,6.299212598425197,0.051005829125642776,0.06233919960639093
9,7.086614173228347,0.052276045083999634,0.06514866817967373
10,7.874015748031496,0.048389460891485214,0.05933043774624745
11,8.661417322834646,0.049783945083618164,0.060722371683837366
12,9.448818897637796,0.04834916815161705,0.060958942513538436
13,10.236220472440946,0.049957990646362305,0.06194695334643401
14,11.023622047244094,0.04617077484726906,0.05509564183733564
15,11.811023622047244,0.047539059072732925,0.059120790126664866
16,12.598425196850394,0.049080684781074524,0.060446511810408526
17,13.385826771653544,0.04757637903094292,0.05739200968555797
18,14.173228346456694,0.05010583624243736,0.06059619025773105
19,14.960629921259843,0.05080333352088928,0.06186943928098279
20,15.748031496062993,0.05461733043193817,0.06900480610454822
21,16.535433070866144,0.053026989102363586,0.06273202742083188
22,17.322834645669293,0.04967045783996582,0.05814081807720867
23,18.11023622047244,0.04999055340886116,0.06111522762896761
24,18.897637795275593,0.05103665962815285,0.06052008543780756
25,19.68503937007874,0.04537463188171387,0.05381922210156922
26,20.472440944881892,0.048574298620224,0.05911930343014196
27,21.25984251968504,0.05190795287489891,0.062232697610088906
28,22.04724409448819,0.0481802299618721,0.05939828155855347
29,22.83464566929134,0.05019919574260712,0.060604842570294304
30,23.62204724409449,0.04926452040672302,0.06103464507842587
31,24.40944881889764,0.046725738793611526,0.05655029097930374
32,25.19685039370079,0.04739570617675781,0.055481997774977976
33,25.984251968503937,0.05098844692111015,0.05965130022170499
34,26.77165354330709,0.04905042052268982,0.058205448414684675
35,27.559055118110237,0.04856553673744202,0.057440756350190116
36,28.34645669291339,0.043916501104831696,0.05383411501483271
37,29.133858267716537,0.04583953693509102,0.05553969493768278
38,29.921259842519685,0.04942845180630684,0.057870069479270474
39,30.708661417322837,0.0471046082675457,0.05565804733435011
40,31.496062992125985,0.04823656007647514,0.05719495484678371
41,32.28346456692913,0.04766920953989029,0.05802561377633582
42,33.07086614173229,0.05171290040016174,0.06204741681973587
43,33.85826771653544,0.052320946007966995,0.06291998257975275
44,34.645669291338585,0.054735708981752396,0.06402583163162391
45,35.43307086614173,0.05251786485314369,0.06087658692617894
46,36.22047244094488,0.05116589367389679,0.060873532879591484
47,37.00787401574804,0.046085771173238754,0.056753723912218904
48,37.795275590551185,0.04917542636394501,0.05642394433575233
49,38.58267716535433,0.05067378655076027,0.0591811302689036
50,39.37007874015748,0.051241349428892136,0.0580785151884936
51,40.15748031496063,0.04631447792053223,0.055641320250746217
52,40.944881889763785,0.04977329075336456,0.05601224837906406
53,41.73228346456693,0.05030011013150215,0.05888502717949331
54,42.51968503937008,0.045267168432474136,0.05579580018734329
55,43.30708661417323,0.05477478727698326,0.06649168913399787
56,44.09448818897638,0.04803097993135452,0.05677190111224981
57,44.88188976377953,0.04752792790532112,0.057406821353718794
58,45.66929133858268,0.04787249490618706,0.05936295738566129
59,46.45669291338583,0.054444726556539536,0.06610665337431469
60,47.24409448818898,0.0496097095310688,0.059654949597192815
61,48.031496062992126,0.048994991928339005,0.06012367389838884
62,48.81889763779528,0.0473315604031086,0.0568852731575652
63,49.60629921259843,0.04670827090740204,0.05586885958625722
64,50.39370078740158,0.04631531983613968,0.054163313046971674
65,51.181102362204726,0.04546280950307846,0.055157998266015605
66,51.968503937007874,0.05223352089524269,0.061423513843673984
67,52.75590551181103,0.047589365392923355,0.058218871377197993
68,53.54330708661418,0.04738044738769531,0.05830609921940786
69,54.330708661417326,0.04981500282883644,0.058316097452134535
70,55.118110236220474,0.04759267717599869,0.05443905056380427
71,55.90551181102362,0.050661850720644,0.05806745159017878
72,56.69291338582678,0.048000384122133255,0.05691734289783811
73,57.480314960629926,0.04300406202673912,0.05049483286260964
74,58.267716535433074,0.045348357409238815,0.053607529017198584
75,59.05511811023622,0.051825083792209625,0.05959381554456946
76,59.84251968503937,0.05244497209787369,0.06056755812446707
77,60.629921259842526,0.04615044593811035,0.054645892902708534
78,61.417322834645674,0.048034340143203735,0.05499551450322854
79,62.20472440944882,0.04559097811579704,0.05291022236644941
80,62.99212598425197,0.05280173569917679,0.06008870835215149
81,63.77952755905512,0.049418676644563675,0.054960847083873436
82,64.56692913385827,0.047138113528490067,0.05641225907964567
83,65.35433070866142,0.047939375042915344,0.05615758042173856
84,66.14173228346458,0.05020821839570999,0.058467703586529064
85,66.92913385826772,0.05029556527733803,0.05950974684309986
86,67.71653543307087,0.045856162905693054,0.05577383803229005
87,68.50393700787401,0.04248902574181557,0.053257084569003535
88,69.29133858267717,0.04305291175842285,0.05284653321814839
89,70.07874015748033,0.03875992074608803,0.04749256118527624
90,70.86614173228347,0.040021996945142746,0.04760134731565266
91,71.65354330708662,0.04121188074350357,0.04865566314313953
92,72.44094488188976,0.03740327060222626,0.04498968500390223
93,73.22834645669292,0.04394173622131348,0.0515276700024618
94,74.01574803149607,0.043268490582704544,0.05013387711009697
95,74.80314960629921,0.050364695489406586,0.056306099814932294
96,75.59055118110237,0.047983720898628235,0.05505711107263804
97,76.37795275590551,0.0505552664399147,0.0587441104615264
98,77.16535433070867,0.04658833146095276,0.05365740752860047
99,77.95275590551182,0.04410531744360924,0.049244892560952
100,78.74015748031496,0.04880094528198242,0.055428626095352616
101,79.52755905511812,0.045454274863004684,0.05187070428774019
102,80.31496062992126,0.04960549622774124,0.05641008394755901
103,81.10236220472441,0.047979604452848434,0.05565174075158962
104,81.88976377952757,0.04603327065706253,0.05357890590464088
105,82.67716535433071,0.04756148159503937,0.05468739569177217
106,83.46456692913387,0.045518308877944946,0.05418964249836811
107,84.25196850393701,0.05025920271873474,0.05634382398521678
108,85.03937007874016,0.04747592657804489,0.05746232857372076
109,85.82677165354332,0.051957279443740845,0.06003386290700516
110,86.61417322834646,0.05571284890174866,0.06649842246660972
111,87.40157480314961,0.0568949431180954,0.06739814901660517
112,88.18897637795276,0.05559103190898895,0.0681699717455116
113,88.97637795275591,0.06463377177715302,0.07417290928282043
114,89.76377952755907,0.05541965737938881,0.06864899522692214
115,90.55118110236221,0.05590898171067238,0.06792566109274327
116,91.33858267716536,0.052635807543992996,0.06394519576945804
117,92.1259842519685,0.0513983778655529,0.06352293814661185
118,92.91338582677166,0.05359259247779846,0.06552529111509701
119,93.70078740157481,0.05400780588388443,0.06700637614300844
120,94.48818897637796,0.05244351550936699,0.06527267305507502
121,95.27559055118111,0.04916340485215187,0.06204695901754566
122,96.06299212598425,0.04650498554110527,0.05824962333119461
123,96.85039370078741,0.04958116263151169,0.06103343198248031
124,97.63779527559056,0.044864214956760406,0.05455984176595252
125,98.4251968503937,0.045560073107481,0.05386108090308374
126,99.21259842519686,0.04512329027056694,0.053008998064854145
127,100.0,0.04427018761634827,0.05216688988718656
