frame_idx,frame_pct,mae_x_phys,rmse_x_phys,mae_y_phys,rmse_y_phys
0,0.0,0.020394310355186462,0.037732279642345386,0.013772564008831978,0.022570027667721152
1,0.7874015748031497,0.019893381744623184,0.036715871236446075,0.015145101584494114,0.022851791696540214
2,1.5748031496062993,0.02085682563483715,0.037671471873855375,0.014746151864528656,0.02437105563196392
3,2.362204724409449,0.02000696398317814,0.03874177095016578,0.01558451447635889,0.024717032958191495
4,3.1496062992125986,0.02116093970835209,0.04009652811359625,0.0156866367906332,0.024361154925720753
5,3.937007874015748,0.020395196974277496,0.03918260795219128,0.014221064746379852,0.023867249662393262
6,4.724409448818898,0.0197297390550375,0.039109111334928864,0.013976102694869041,0.022771006408603998
7,5.511811023622047,0.019623372703790665,0.039954168174240016,0.013553472235798836,0.0237480760527572
8,6.299212598425197,0.019083663821220398,0.03842064914555106,0.014624391682446003,0.02425638181388086
9,7.086614173228347,0.018388446420431137,0.0366012344554299,0.013926012441515923,0.02283915290763083
10,7.874015748031496,0.019306227564811707,0.03764693789326454,0.01425969135016203,0.023168622176446364
11,8.661417322834646,0.019620701670646667,0.038216522901083946,0.013025079853832722,0.022162963022637937
12,9.448818897637796,0.019049957394599915,0.03699641697752175,0.014290175400674343,0.023488296408468355
13,10.236220472440946,0.018405960872769356,0.04013331589114825,0.01527352537959814,0.02639196697338553
14,11.023622047244094,0.01854872517287731,0.036898411733015384,0.01325574517250061,0.022264456979750016
15,11.811023622047244,0.019425388425588608,0.038443140458275044,0.01611458696424961,0.025277044187788894
16,12.598425196850394,0.020433535799384117,0.03680576491939879,0.014391155913472176,0.024273835638035923
17,13.385826771653544,0.01882757991552353,0.035770595054183695,0.013550730422139168,0.023927924488375107
18,14.173228346456694,0.018561696633696556,0.03450441059653893,0.013788195326924324,0.021874760728617385
19,14.960629921259843,0.018663888797163963,0.03581991713637433,0.014170418493449688,0.022629954538670786
20,15.748031496062993,0.018660567700862885,0.03623356336811017,0.014778941869735718,0.02410005697489655
21,16.535433070866144,0.020503416657447815,0.040266432305526276,0.014708435162901878,0.025437964269521763
22,17.322834645669293,0.020420309156179428,0.036642014567617086,0.013075466267764568,0.022730632214582033
23,18.11023622047244,0.022136127576231956,0.038966037437969996,0.014783886261284351,0.024085830576724608
24,18.897637795275593,0.018092339858412743,0.03700444010272249,0.015109552070498466,0.02428796389740338
25,19.68503937007874,0.019348010420799255,0.03780922564701598,0.01443066168576479,0.0245258395111473
26,20.472440944881892,0.01923818141222,0.03758753603190429,0.014786917716264725,0.024851418530362844
27,21.25984251968504,0.018922951072454453,0.037778994529696394,0.015231382101774216,0.02469376322738802
28,22.04724409448819,0.019403573125600815,0.039186584563491285,0.014891543425619602,0.026049113823078406
29,22.83464566929134,0.01964942179620266,0.035136710803596656,0.014282489195466042,0.023177358478572066
30,23.62204724409449,0.017252782359719276,0.03199729136974641,0.013810859993100166,0.022709826772699917
31,24.40944881889764,0.019829578697681427,0.04143352852687915,0.015544728375971317,0.026728038381135463
32,25.19685039370079,0.017990784719586372,0.03806511450337831,0.014941252768039703,0.024613336072136324
33,25.984251968503937,0.01674799807369709,0.035998085189909886,0.014156629331409931,0.024832338452220423
34,26.77165354330709,0.018836816772818565,0.03823384426048282,0.014473208226263523,0.024839545288113524
35,27.559055118110237,0.019008126109838486,0.039778420765818084,0.015136675909161568,0.026122107667171445
36,28.34645669291339,0.018789561465382576,0.04039582634745728,0.014651715755462646,0.025061671503965426
37,29.133858267716537,0.019161012023687363,0.03722243121730962,0.014604264870285988,0.023525878553607635
38,29.921259842519685,0.02110268734395504,0.04264170778026083,0.014932841062545776,0.02679862161288078
39,30.708661417322837,0.02193620055913925,0.04188943506247196,0.01512234378606081,0.02662305070627837
40,31.496062992125985,0.01952872984111309,0.03821120842882648,0.01471259631216526,0.02503430938463894
41,32.28346456692913,0.02173401042819023,0.04075349622218706,0.015027729794383049,0.025668195089835127
42,33.07086614173229,0.02122167870402336,0.04005300319864352,0.014541800133883953,0.02546752691257482
43,33.85826771653544,0.019809117540717125,0.03705720308420134,0.014286933466792107,0.02504255753567641
44,34.645669291338585,0.01964585669338703,0.03862793719055697,0.014390192925930023,0.024460276732449132
45,35.43307086614173,0.02089562453329563,0.03565365694099158,0.013815338723361492,0.02320374582524561
46,36.22047244094488,0.01941518671810627,0.038380143701342156,0.01445409469306469,0.026303880907666995
47,37.00787401574804,0.01906285621225834,0.039170014420055015,0.014489533379673958,0.027277975929595636
48,37.795275590551185,0.02097434736788273,0.04008631563751754,0.015363229438662529,0.025563146818361363
49,38.58267716535433,0.018422339111566544,0.039732966727345574,0.01521056704223156,0.026419439904740636
50,39.37007874015748,0.020803945139050484,0.038858993723298395,0.015832891687750816,0.02542314487187408
51,40.15748031496063,0.02069096826016903,0.03845922011485814,0.014705868437886238,0.025067185856301275
52,40.944881889763785,0.021483775228261948,0.03849081184638094,0.014767435379326344,0.023989967207200105
53,41.73228346456693,0.021878844127058983,0.0400789690021782,0.01610478013753891,0.02579433188735281
54,42.51968503937008,0.021957898512482643,0.04158186183024125,0.014646505936980247,0.026039786320591223
55,43.30708661417323,0.018849289044737816,0.03971335177819136,0.014809392392635345,0.026545393700034538
56,44.09448818897638,0.020961791276931763,0.04113767408828867,0.014688883908092976,0.026658403684839984
57,44.88188976377953,0.021763017401099205,0.04319246666149826,0.01453648041933775,0.027207378300002635
58,45.66929133858268,0.019903451204299927,0.04095333199765282,0.015588009729981422,0.026734263915592544
59,46.45669291338583,0.02206430770456791,0.042557588817501456,0.014720268547534943,0.027438563491488623
60,47.24409448818898,0.020687684416770935,0.0402012685333411,0.013592934235930443,0.023891952986854512
61,48.031496062992126,0.021258581429719925,0.04176215022826435,0.015088986605405807,0.027433502469175062
62,48.81889763779528,0.02083744667470455,0.04026782002200372,0.014244123362004757,0.026242964678476685
63,49.60629921259843,0.022302350029349327,0.04424995685126738,0.014899270609021187,0.02782856559926705
64,50.39370078740158,0.02073727548122406,0.04010929658259449,0.014502636156976223,0.025251000060858987
65,51.181102362204726,0.02285556122660637,0.042030116350899725,0.01435531210154295,0.025923910236135196
66,51.968503937007874,0.020785905420780182,0.039370195175106905,0.014581205323338509,0.026255167655754714
67,52.75590551181103,0.0203595869243145,0.039884078312101896,0.014255520887672901,0.025287287213899404
68,53.54330708661418,0.022056814283132553,0.0398222735670309,0.014140797778964043,0.025302496748500047
69,54.330708661417326,0.021439459174871445,0.039235241234828355,0.013576916418969631,0.025281733379543675
70,55.118110236220474,0.02069140411913395,0.03985969268910737,0.014651372097432613,0.02539441992753348
71,55.90551181102362,0.01877286471426487,0.03701647467491463,0.012673447839915752,0.023048035948010026
72,56.69291338582678,0.01996709033846855,0.03909987062753481,0.014659055508673191,0.024794853788044233
73,57.480314960629926,0.01964562013745308,0.04026919323602373,0.014313722029328346,0.025572777914729707
74,58.267716535433074,0.019904810935258865,0.03814581754842937,0.014581141993403435,0.024664776464120807
75,59.05511811023622,0.019639989361166954,0.03893387150323323,0.015134287998080254,0.025899642607756172
76,59.84251968503937,0.019659286364912987,0.03840243440977634,0.015362434089183807,0.02445313188595416
77,60.629921259842526,0.020750349387526512,0.0379099048397841,0.014816596172749996,0.023911520542135033
78,61.417322834645674,0.02229123003780842,0.04038728791974152,0.01583436131477356,0.026038328841003194
79,62.20472440944882,0.01998896710574627,0.038231729571820805,0.014809846878051758,0.02485267276121625
80,62.99212598425197,0.021333616226911545,0.03910275858317804,0.01519300788640976,0.024102556628941892
81,63.77952755905512,0.019847331568598747,0.039409907554887616,0.014613954350352287,0.0257520580832086
82,64.56692913385827,0.020903442054986954,0.03832480521895996,0.01477792114019394,0.024140212073235794
83,65.35433070866142,0.02139057032763958,0.03953565791116801,0.01376732625067234,0.024236760057149094
84,66.14173228346458,0.020053133368492126,0.03800528343182242,0.015632042661309242,0.0251870649630169
85,66.92913385826772,0.021455083042383194,0.03869580319698258,0.01466839388012886,0.024890747362160553
86,67.71653543307087,0.02071484550833702,0.03825260947226554,0.01453137956559658,0.0240564343099906
87,68.50393700787401,0.021941760554909706,0.0395286286091802,0.01444186456501484,0.025472656344255957
88,69.29133858267717,0.02122333273291588,0.03879626262986547,0.01488898042589426,0.023651802299343827
89,70.07874015748033,0.022812312468886375,0.04121880360193867,0.013718776404857635,0.025299283936722875
90,70.86614173228347,0.021901044994592667,0.04109634250950074,0.014823690988123417,0.026426708407112864
91,71.65354330708662,0.020733997225761414,0.039913832104854795,0.014778388664126396,0.025844420541680884
92,72.44094488188976,0.021825751289725304,0.040163416927976425,0.013558154925704002,0.02470230535120685
93,73.22834645669292,0.02145044319331646,0.03936614100103745,0.014069979079067707,0.024145271514183747
94,74.01574803149607,0.021306075155735016,0.03856864569037063,0.013948315754532814,0.024219541479067765
95,74.80314960629921,0.021451590582728386,0.039638030102673596,0.01423355657607317,0.024934084615965923
96,75.59055118110237,0.02146742306649685,0.04011522875649788,0.014986764639616013,0.02543219501244712
97,76.37795275590551,0.02079036645591259,0.03991646722570872,0.01476589310914278,0.024124285452024812
98,77.16535433070867,0.02174454927444458,0.038585587226616334,0.013777833431959152,0.02335676802644994
99,77.95275590551182,0.020679956302046776,0.03699101848024019,0.014674920588731766,0.024102475726324665
100,78.74015748031496,0.021596411243081093,0.039742269671789926,0.014474465511739254,0.02463622931764967
101,79.52755905511812,0.022934850305318832,0.040776385224057084,0.014197232201695442,0.024445461109681314
102,80.31496062992126,0.02237212285399437,0.03820221829654816,0.014182927086949348,0.023180263988393016
103,81.10236220472441,0.0228542722761631,0.03889995372718594,0.01463823951780796,0.023127784384172904
104,81.88976377952757,0.021428804844617844,0.037455876662898326,0.015217535197734833,0.023247061847412005
105,82.67716535433071,0.021943414583802223,0.039583431118815085,0.01420664507895708,0.02381179134451449
106,83.46456692913387,0.023192720487713814,0.0388134212471907,0.015221650712192059,0.024796427783932436
107,84.25196850393701,0.021009404212236404,0.04095272935487352,0.016681184992194176,0.026529680121031712
108,85.03937007874016,0.021223217248916626,0.03724110587437716,0.013994501903653145,0.023397645244336598
109,85.82677165354332,0.020491527393460274,0.03846557170963168,0.01376466266810894,0.024473600508259592
110,86.61417322834646,0.019739679992198944,0.03676580605916251,0.0126655213534832,0.022591529990877504
111,87.40157480314961,0.01880999282002449,0.03565382999468684,0.014716275967657566,0.02341137363668163
112,88.18897637795276,0.018221640959382057,0.03618200761400431,0.014424948021769524,0.023803493303135456
113,88.97637795275591,0.01779864728450775,0.03542693885563268,0.01338366698473692,0.022526656545073083
114,89.76377952755907,0.017403308302164078,0.031694651839992025,0.01288663037121296,0.020845294445592036
115,90.55118110236221,0.020398154854774475,0.03681002834839566,0.014475798234343529,0.024980868855673053
116,91.33858267716536,0.01816392131149769,0.03369559040901352,0.014258431270718575,0.02212888753423884
117,92.1259842519685,0.018252477049827576,0.0336839695338509,0.014227528125047684,0.02251563848934193
118,92.91338582677166,0.017968760803341866,0.03321552220479014,0.014445256441831589,0.021718826705467837
119,93.70078740157481,0.0191836915910244,0.03379531227866943,0.013998692855238914,0.021499507895562004
120,94.48818897637796,0.01865418255329132,0.034449740052185415,0.015577763319015503,0.0234744667051585
121,95.27559055118111,0.019301386550068855,0.03591540372566761,0.013769631274044514,0.02294135466221836
122,96.06299212598425,0.019342636689543724,0.036174987974161577,0.014848195016384125,0.022516667379539605
123,96.85039370078741,0.019916284829378128,0.03728928684975944,0.014480648562312126,0.023168071965518455
124,97.63779527559056,0.01899116486310959,0.03693794192111916,0.013751070015132427,0.022898404700217676
125,98.4251968503937,0.01950339414179325,0.03706927234478688,0.014532990753650665,0.024122357528414098
126,99.21259842519686,0.020568642765283585,0.03840554152732284,0.014052621088922024,0.024606089003615536
127,100.0,0.019701387733221054,0.03747907740329816,0.014545131474733353,0.02356428632823407
