video_id,video_name,video_path,xl_name,xl_path,power_mW,z_resolution,z_error
#250617Video(14-21)#\15,15,C:\Users\michris\Desktop\xy_early_prediction\data\Early prediction\Video\#250617Video(14-21)#\15.mp4,"2-15,1000.xlsx","C:\Users\michris\Desktop\xy_early_prediction\data\Early prediction\Imaj\1#250617_x10000_15-21@\2-15,1000.xlsx",15.0,3.9258503401360554,0.0352075616933169
#250617Video(14-21)#\16.5,16.5,C:\Users\michris\Desktop\xy_early_prediction\data\Early prediction\Video\#250617Video(14-21)#\16.5.mp4,"5-16_5,1000.xlsx","C:\Users\michris\Desktop\xy_early_prediction\data\Early prediction\Imaj\1#250617_x10000_15-21@\5-16_5,1000.xlsx",16.5,4.026326530612245,0.0241955107514758
#250617Video(14-21)#\17.5,17.5,C:\Users\michris\Desktop\xy_early_prediction\data\Early prediction\Video\#250617Video(14-21)#\17.5.mp4,"7-17_5,1000.xlsx","C:\Users\michris\Desktop\xy_early_prediction\data\Early prediction\Imaj\1#250617_x10000_15-21@\7-17_5,1000.xlsx",17.5,4.074571428571429,0.0668994146936932
#250617Video(14-21)#\17,17,C:\Users\michris\Desktop\xy_early_prediction\data\Early prediction\Video\#250617Video(14-21)#\17.mp4,"6-17,1000.xlsx","C:\Users\michris\Desktop\xy_early_prediction\data\Early prediction\Imaj\1#250617_x10000_15-21@\6-17,1000.xlsx",17.0,4.0599319727891165,0.0220457603424507
"#250617Video(14-21)#\18,5","18,5","C:\Users\michris\Desktop\xy_early_prediction\data\Early prediction\Video\#250617Video(14-21)#\18,5.mp4","9-18_5,1000.xlsx","C:\Users\michris\Desktop\xy_early_prediction\data\Early prediction\Imaj\1#250617_x10000_15-21@\9-18_5,1000.xlsx",18.5,4.151285714285715,0.0424438720797404
#250617Video(14-21)#\18,18,C:\Users\michris\Desktop\xy_early_prediction\data\Early prediction\Video\#250617Video(14-21)#\18.mp4,"8-18,1000.xlsx","C:\Users\michris\Desktop\xy_early_prediction\data\Early prediction\Imaj\1#250617_x10000_15-21@\8-18,1000.xlsx",18.0,4.105714285714287,0.0384780267062273
"#250617Video(14-21)#\19,5","19,5","C:\Users\michris\Desktop\xy_early_prediction\data\Early prediction\Video\#250617Video(14-21)#\19,5.mp4","11-19_5,1000.xlsx","C:\Users\michris\Desktop\xy_early_prediction\data\Early prediction\Imaj\1#250617_x10000_15-21@\11-19_5,1000.xlsx",19.5,4.228639455782313,0.030001619651776
"#250617Video(14-21)#\20,5","20,5","C:\Users\michris\Desktop\xy_early_prediction\data\Early prediction\Video\#250617Video(14-21)#\20,5.mp4","13-20_5,1000.xlsx","C:\Users\michris\Desktop\xy_early_prediction\data\Early prediction\Imaj\1#250617_x10000_15-21@\13-20_5,1000.xlsx",20.5,4.271904761904763,0.0161708564596763
#250617Video(14-21)#\20,20,C:\Users\michris\Desktop\xy_early_prediction\data\Early prediction\Video\#250617Video(14-21)#\20.mp4,"12-20,1000.xlsx","C:\Users\michris\Desktop\xy_early_prediction\data\Early prediction\Imaj\1#250617_x10000_15-21@\12-20,1000.xlsx",20.0,4.242448979591838,0.0292809851831263
#250617Video(14-21)#\21,21,C:\Users\michris\Desktop\xy_early_prediction\data\Early prediction\Video\#250617Video(14-21)#\21.mp4,"14-21,1000.xlsx","C:\Users\michris\Desktop\xy_early_prediction\data\Early prediction\Imaj\1#250617_x10000_15-21@\14-21,1000.xlsx",21.0,4.307823129251701,0.037546213830205
"#250627Video(3-15)#\10,5","10,5","C:\Users\michris\Desktop\xy_early_prediction\data\Early prediction\Video\#250627Video(3-15)#\10,5.mp4","10-10_5,1000.xlsx","C:\Users\michris\Desktop\xy_early_prediction\data\Early prediction\Imaj\4#250627_x10000_15-3@\10-10_5,1000.xlsx",10.5,3.439183673469388,0.043176362175719
#250627Video(3-15)#\10,10,C:\Users\michris\Desktop\xy_early_prediction\data\Early prediction\Video\#250627Video(3-15)#\10.mp4,"11-10,1000.xlsx","C:\Users\michris\Desktop\xy_early_prediction\data\Early prediction\Imaj\4#250627_x10000_15-3@\11-10,1000.xlsx",10.0,3.4113605442176875,0.0199411183773127
#250627Video(3-15)#\11,11,C:\Users\michris\Desktop\xy_early_prediction\data\Early prediction\Video\#250627Video(3-15)#\11.mp4,"9-11,1000.xlsx","C:\Users\michris\Desktop\xy_early_prediction\data\Early prediction\Imaj\4#250627_x10000_15-3@\9-11,1000.xlsx",11.0,3.5440136054421774,0.0484970418782699
"#250627Video(3-15)#\12,5","12,5","C:\Users\michris\Desktop\xy_early_prediction\data\Early prediction\Video\#250627Video(3-15)#\12,5.mp4","6-12_5,1000.xlsx","C:\Users\michris\Desktop\xy_early_prediction\data\Early prediction\Imaj\4#250627_x10000_15-3@\6-12_5,1000.xlsx",12.5,3.68108843537415,0.0256065391915487
#250627Video(3-15)#\12,12,C:\Users\michris\Desktop\xy_early_prediction\data\Early prediction\Video\#250627Video(3-15)#\12.mp4,"7-12,1000.xlsx","C:\Users\michris\Desktop\xy_early_prediction\data\Early prediction\Imaj\4#250627_x10000_15-3@\7-12,1000.xlsx",12.0,3.648095238095239,0.0385484940634238
"#250627Video(3-15)#\13,5","13,5","C:\Users\michris\Desktop\xy_early_prediction\data\Early prediction\Video\#250627Video(3-15)#\13,5.mp4","4-13_5,1000.xlsx","C:\Users\michris\Desktop\xy_early_prediction\data\Early prediction\Imaj\4#250627_x10000_15-3@\4-13_5,1000.xlsx",13.5,3.800357142857144,0.0392816129096293
#250627Video(3-15)#\13,13,C:\Users\michris\Desktop\xy_early_prediction\data\Early prediction\Video\#250627Video(3-15)#\13.mp4,"5-13,1000.xlsx","C:\Users\michris\Desktop\xy_early_prediction\data\Early prediction\Imaj\4#250627_x10000_15-3@\5-13,1000.xlsx",13.0,3.722928571428573,0.0388875240583647
"#250627Video(3-15)#\14,5","14,5","C:\Users\michris\Desktop\xy_early_prediction\data\Early prediction\Video\#250627Video(3-15)#\14,5.mp4","2-14_5,1000.xlsx","C:\Users\michris\Desktop\xy_early_prediction\data\Early prediction\Imaj\4#250627_x10000_15-3@\2-14_5,1000.xlsx",14.5,3.8734693877551023,0.0256688941771921
#250627Video(3-15)#\15,15,C:\Users\michris\Desktop\xy_early_prediction\data\Early prediction\Video\#250627Video(3-15)#\15.mp4,"1-15,1000.xlsx","C:\Users\michris\Desktop\xy_early_prediction\data\Early prediction\Imaj\4#250627_x10000_15-3@\1-15,1000.xlsx",15.0,3.893197278911564,0.0265802779499938
"#250627Video(3-15)#\3,5","3,5","C:\Users\michris\Desktop\xy_early_prediction\data\Early prediction\Video\#250627Video(3-15)#\3,5.mp4","24-3_5,1000.xlsx","C:\Users\michris\Desktop\xy_early_prediction\data\Early prediction\Imaj\4#250627_x10000_15-3@\24-3_5,1000.xlsx",3.5,1.3259183673469388,0.0265164012175049
"#250627Video(3-15)#\5,5","5,5","C:\Users\michris\Desktop\xy_early_prediction\data\Early prediction\Video\#250627Video(3-15)#\5,5.mp4","20-5_5,1000.xlsx","C:\Users\michris\Desktop\xy_early_prediction\data\Early prediction\Imaj\4#250627_x10000_15-3@\20-5_5,1000.xlsx",5.5,2.474285714285714,0.0366756327936727
#250627Video(3-15)#\7,7,C:\Users\michris\Desktop\xy_early_prediction\data\Early prediction\Video\#250627Video(3-15)#\7.mp4,"17-7,1000.xlsx","C:\Users\michris\Desktop\xy_early_prediction\data\Early prediction\Imaj\4#250627_x10000_15-3@\17-7,1000.xlsx",7.0,2.847357142857143,0.0225080245864469
#250627Video(3-15)#\9,9,C:\Users\michris\Desktop\xy_early_prediction\data\Early prediction\Video\#250627Video(3-15)#\9.mp4,"13-9,1000.xlsx","C:\Users\michris\Desktop\xy_early_prediction\data\Early prediction\Imaj\4#250627_x10000_15-3@\13-9,1000.xlsx",9.0,3.2636054421768708,0.0369876400966898
#250715Video(10-20)#\10,10,C:\Users\michris\Desktop\xy_early_prediction\data\Early prediction\Video\#250715Video(10-20)#\10.mp4,"21-10,1000.xlsx","C:\Users\michris\Desktop\xy_early_prediction\data\Early prediction\Imaj\2#250715_x10000_10-20\21-10,1000.xlsx",10.0,3.35748299319728,0.0436168493044358
"#250715Video(10-20)#\12,5","12,5","C:\Users\michris\Desktop\xy_early_prediction\data\Early prediction\Video\#250715Video(10-20)#\12,5.mp4","16-12_5,1000.xlsx","C:\Users\michris\Desktop\xy_early_prediction\data\Early prediction\Imaj\2#250715_x10000_10-20\16-12_5,1000.xlsx",12.5,3.653,0.0297136350420371
#250715Video(10-20)#\13,13,C:\Users\michris\Desktop\xy_early_prediction\data\Early prediction\Video\#250715Video(10-20)#\13.mp4,"15-13,1000.xlsx","C:\Users\michris\Desktop\xy_early_prediction\data\Early prediction\Imaj\2#250715_x10000_10-20\15-13,1000.xlsx",13.0,3.688299319727892,0.0314986849340621
"#250715Video(10-20)#\14,5","14,5","C:\Users\michris\Desktop\xy_early_prediction\data\Early prediction\Video\#250715Video(10-20)#\14,5.mp4","12-14_5,1000.xlsx","C:\Users\michris\Desktop\xy_early_prediction\data\Early prediction\Imaj\2#250715_x10000_10-20\12-14_5,1000.xlsx",14.5,3.813605442176871,0.0377062195043471
"#250715Video(10-20)#\15,5","15,5","C:\Users\michris\Desktop\xy_early_prediction\data\Early prediction\Video\#250715Video(10-20)#\15,5.mp4","10-15_5,1000.xlsx","C:\Users\michris\Desktop\xy_early_prediction\data\Early prediction\Imaj\2#250715_x10000_10-20\10-15_5,1000.xlsx",15.5,3.9396598639455775,0.0238357678491832
#250715Video(10-20)#\15,15,C:\Users\michris\Desktop\xy_early_prediction\data\Early prediction\Video\#250715Video(10-20)#\15.mp4,11-15_1000.xlsx,C:\Users\michris\Desktop\xy_early_prediction\data\Early prediction\Imaj\2#250715_x10000_10-20\11-15_1000.xlsx,15.0,3.870340136054422,0.0313372203614259
"#250715Video(10-20)#\16,5","16,5","C:\Users\michris\Desktop\xy_early_prediction\data\Early prediction\Video\#250715Video(10-20)#\16,5.mp4","8-16_5,1000.xlsx","C:\Users\michris\Desktop\xy_early_prediction\data\Early prediction\Imaj\2#250715_x10000_10-20\8-16_5,1000.xlsx",16.5,4.010340136054421,0.024036132502856
#250715Video(10-20)#\16,16,C:\Users\michris\Desktop\xy_early_prediction\data\Early prediction\Video\#250715Video(10-20)#\16.mp4,"9-16,1000.xlsx","C:\Users\michris\Desktop\xy_early_prediction\data\Early prediction\Imaj\2#250715_x10000_10-20\9-16,1000.xlsx",16.0,3.9624489795918376,0.0195831188086589
"#250715Video(10-20)#\17,5","17,5","C:\Users\michris\Desktop\xy_early_prediction\data\Early prediction\Video\#250715Video(10-20)#\17,5.mp4","6-17_5,1000.xlsx","C:\Users\michris\Desktop\xy_early_prediction\data\Early prediction\Imaj\2#250715_x10000_10-20\6-17_5,1000.xlsx",17.5,4.062721088435374,0.0224103873597316
#250715Video(10-20)#\17,17,C:\Users\michris\Desktop\xy_early_prediction\data\Early prediction\Video\#250715Video(10-20)#\17.mp4,"7-17,1000.xlsx","C:\Users\michris\Desktop\xy_early_prediction\data\Early prediction\Imaj\2#250715_x10000_10-20\7-17,1000.xlsx",17.0,4.036734693877551,0.030159923594957
"#250715Video(10-20)#\18,5","18,5","C:\Users\michris\Desktop\xy_early_prediction\data\Early prediction\Video\#250715Video(10-20)#\18,5.mp4","4-18_5,1000.xlsx","C:\Users\michris\Desktop\xy_early_prediction\data\Early prediction\Imaj\2#250715_x10000_10-20\4-18_5,1000.xlsx",18.5,4.128095238095239,0.0151140786735302
#250715Video(10-20)#\18,18,C:\Users\michris\Desktop\xy_early_prediction\data\Early prediction\Video\#250715Video(10-20)#\18.mp4,"5-18,1000.xlsx","C:\Users\michris\Desktop\xy_early_prediction\data\Early prediction\Imaj\2#250715_x10000_10-20\5-18,1000.xlsx",18.0,4.119115646258504,0.0368130306080083
"#250715Video(10-20)#\19,5","19,5","C:\Users\michris\Desktop\xy_early_prediction\data\Early prediction\Video\#250715Video(10-20)#\19,5.mp4","2-19_5,1000.xlsx","C:\Users\michris\Desktop\xy_early_prediction\data\Early prediction\Imaj\2#250715_x10000_10-20\2-19_5,1000.xlsx",19.5,4.188095238095238,0.039225494971795
#250715Video(10-20)#\19,19,C:\Users\michris\Desktop\xy_early_prediction\data\Early prediction\Video\#250715Video(10-20)#\19.mp4,"3-19,1000.xlsx","C:\Users\michris\Desktop\xy_early_prediction\data\Early prediction\Imaj\2#250715_x10000_10-20\3-19,1000.xlsx",19.0,4.142585034013606,0.0450886180660477
#250715Video(10-20)#\20,20,C:\Users\michris\Desktop\xy_early_prediction\data\Early prediction\Video\#250715Video(10-20)#\20.mp4,"1-20,1000.xlsx","C:\Users\michris\Desktop\xy_early_prediction\data\Early prediction\Imaj\2#250715_x10000_10-20\1-20,1000.xlsx",20.0,4.200952380952382,0.0313223312570145
"@250624Video@\10,5","10,5","C:\Users\michris\Desktop\xy_early_prediction\data\Early prediction\Video\@250624Video@\10,5.mp4","10-10_5,1000.xlsx","C:\Users\michris\Desktop\xy_early_prediction\data\Early prediction\Imaj\2#250624_x10000_15-5@\10-10_5,1000.xlsx",10.5,3.438911564625851,0.0362612537405659
@250624Video@\10,10,C:\Users\michris\Desktop\xy_early_prediction\data\Early prediction\Video\@250624Video@\10.mp4,"11-10,1000.xlsx","C:\Users\michris\Desktop\xy_early_prediction\data\Early prediction\Imaj\2#250624_x10000_15-5@\11-10,1000.xlsx",10.0,3.371428571428572,0.0303113099387683
"@250624Video@\11,5","11,5","C:\Users\michris\Desktop\xy_early_prediction\data\Early prediction\Video\@250624Video@\11,5.mp4","8-11_5,1000.xlsx","C:\Users\michris\Desktop\xy_early_prediction\data\Early prediction\Imaj\2#250624_x10000_15-5@\8-11_5,1000.xlsx",11.5,3.575238095238095,0.0280281685326122
"@250624Video@\12,5","12,5","C:\Users\michris\Desktop\xy_early_prediction\data\Early prediction\Video\@250624Video@\12,5.mp4","6-12_5,1000.xlsx","C:\Users\michris\Desktop\xy_early_prediction\data\Early prediction\Imaj\2#250624_x10000_15-5@\6-12_5,1000.xlsx",12.5,3.7081632653061223,0.0324859242898817
@250624Video@\12,12,C:\Users\michris\Desktop\xy_early_prediction\data\Early prediction\Video\@250624Video@\12.mp4,"7-12,1000.xlsx","C:\Users\michris\Desktop\xy_early_prediction\data\Early prediction\Imaj\2#250624_x10000_15-5@\7-12,1000.xlsx",12.0,3.65047619047619,0.0335252975860215
"@250624Video@\13,5","13,5","C:\Users\michris\Desktop\xy_early_prediction\data\Early prediction\Video\@250624Video@\13,5.mp4","4-13_5,1000.xlsx","C:\Users\michris\Desktop\xy_early_prediction\data\Early prediction\Imaj\2#250624_x10000_15-5@\4-13_5,1000.xlsx",13.5,3.8166428571428574,0.0327089663075211
@250624Video@\13,13,C:\Users\michris\Desktop\xy_early_prediction\data\Early prediction\Video\@250624Video@\13.mp4,"5-13,1000.xlsx","C:\Users\michris\Desktop\xy_early_prediction\data\Early prediction\Imaj\2#250624_x10000_15-5@\5-13,1000.xlsx",13.0,3.7634285714285713,0.0335010460423119
@250624Video@\14,14,C:\Users\michris\Desktop\xy_early_prediction\data\Early prediction\Video\@250624Video@\14.mp4,"3-14,1000.xlsx","C:\Users\michris\Desktop\xy_early_prediction\data\Early prediction\Imaj\2#250624_x10000_15-5@\3-14,1000.xlsx",14.0,3.874285714285714,0.0387145770318923
"@250624Video@\5,5","5,5","C:\Users\michris\Desktop\xy_early_prediction\data\Early prediction\Video\@250624Video@\5,5.mp4","20-5_5,1000.xlsx","C:\Users\michris\Desktop\xy_early_prediction\data\Early prediction\Imaj\2#250624_x10000_15-5@\20-5_5,1000.xlsx",5.5,2.3491836734693883,0.0341830947255302
@250624Video@\6,6,C:\Users\michris\Desktop\xy_early_prediction\data\Early prediction\Video\@250624Video@\6.mp4,"19-6,1000.xlsx","C:\Users\michris\Desktop\xy_early_prediction\data\Early prediction\Imaj\2#250624_x10000_15-5@\19-6,1000.xlsx",6.0,2.5665,0.031165939573093
"@250624Video@\7,5","7,5","C:\Users\michris\Desktop\xy_early_prediction\data\Early prediction\Video\@250624Video@\7,5.mp4","16-7_5,1000.xlsx","C:\Users\michris\Desktop\xy_early_prediction\data\Early prediction\Imaj\2#250624_x10000_15-5@\16-7_5,1000.xlsx",7.5,2.9477551020408166,0.0325374867905809
@250624Video@\7,7,C:\Users\michris\Desktop\xy_early_prediction\data\Early prediction\Video\@250624Video@\7.mp4,"17-7,1000.xlsx","C:\Users\michris\Desktop\xy_early_prediction\data\Early prediction\Imaj\2#250624_x10000_15-5@\17-7,1000.xlsx",7.0,2.7942857142857145,0.027963456281691
"@250624Video@\8,5","8,5","C:\Users\michris\Desktop\xy_early_prediction\data\Early prediction\Video\@250624Video@\8,5.mp4","14-8_5,1000.xlsx","C:\Users\michris\Desktop\xy_early_prediction\data\Early prediction\Imaj\2#250624_x10000_15-5@\14-8_5,1000.xlsx",8.5,3.146258503401361,0.0321649961549539
@250624Video@\8,8,C:\Users\michris\Desktop\xy_early_prediction\data\Early prediction\Video\@250624Video@\8.mp4,"15-8,1000.xlsx","C:\Users\michris\Desktop\xy_early_prediction\data\Early prediction\Imaj\2#250624_x10000_15-5@\15-8,1000.xlsx",8.0,3.067619047619048,0.0248847684473911
"@250624Video@\9,5","9,5","C:\Users\michris\Desktop\xy_early_prediction\data\Early prediction\Video\@250624Video@\9,5.mp4","12-9_5,1000.xlsx","C:\Users\michris\Desktop\xy_early_prediction\data\Early prediction\Imaj\2#250624_x10000_15-5@\12-9_5,1000.xlsx",9.5,3.2946938775510204,0.0265081537596159
@250624Video@\9,9,C:\Users\michris\Desktop\xy_early_prediction\data\Early prediction\Video\@250624Video@\9.mp4,"13-9,1000.xlsx","C:\Users\michris\Desktop\xy_early_prediction\data\Early prediction\Imaj\2#250624_x10000_15-5@\13-9,1000.xlsx",9.0,3.201360544217688,0.0363527956718381
"#c259710\10,5","10,5","C:\Users\michris\Desktop\xy_early_prediction\data\Early prediction\Video\#c259710\10,5.mp4","10-10_5,1000.xlsx","C:\Users\michris\Desktop\xy_early_prediction\data\Early prediction\Imaj\#c250710_x10000_15-5\10-10_5,1000.xlsx",10.5,3.35952380952381,0.0259722510216047
#c259710\10,10,C:\Users\michris\Desktop\xy_early_prediction\data\Early prediction\Video\#c259710\10.mp4,"11-10,1000.xlsx","C:\Users\michris\Desktop\xy_early_prediction\data\Early prediction\Imaj\#c250710_x10000_15-5\11-10,1000.xlsx",10.0,3.281632653061224,0.0257590313636402
"#c259710\11,5","11,5","C:\Users\michris\Desktop\xy_early_prediction\data\Early prediction\Video\#c259710\11,5.mp4","8-11_5,1000.xlsx","C:\Users\michris\Desktop\xy_early_prediction\data\Early prediction\Imaj\#c250710_x10000_15-5\8-11_5,1000.xlsx",11.5,3.4954421768707484,0.0300836217140233
#c259710\11,11,C:\Users\michris\Desktop\xy_early_prediction\data\Early prediction\Video\#c259710\11.mp4,"9-11,1000.xlsx","C:\Users\michris\Desktop\xy_early_prediction\data\Early prediction\Imaj\#c250710_x10000_15-5\9-11,1000.xlsx",11.0,3.4420408163265304,0.0407895830753829
"#c259710\12,5","12,5","C:\Users\michris\Desktop\xy_early_prediction\data\Early prediction\Video\#c259710\12,5.mp4","6-12_5,1000.xlsx","C:\Users\michris\Desktop\xy_early_prediction\data\Early prediction\Imaj\#c250710_x10000_15-5\6-12_5,1000.xlsx",12.5,3.620952380952382,0.0304266710785976
#c259710\12,12,C:\Users\michris\Desktop\xy_early_prediction\data\Early prediction\Video\#c259710\12.mp4,"7-12,1000.xlsx","C:\Users\michris\Desktop\xy_early_prediction\data\Early prediction\Imaj\#c250710_x10000_15-5\7-12,1000.xlsx",12.0,3.5826530612244905,0.0290962011486516
"#c259710\13,5","13,5","C:\Users\michris\Desktop\xy_early_prediction\data\Early prediction\Video\#c259710\13,5.mp4","4-13_5,1000.xlsx","C:\Users\michris\Desktop\xy_early_prediction\data\Early prediction\Imaj\#c250710_x10000_15-5\4-13_5,1000.xlsx",13.5,3.704214285714286,0.0293666587215555
#c259710\13,13,C:\Users\michris\Desktop\xy_early_prediction\data\Early prediction\Video\#c259710\13.mp4,"5-13,1000.xlsx","C:\Users\michris\Desktop\xy_early_prediction\data\Early prediction\Imaj\#c250710_x10000_15-5\5-13,1000.xlsx",13.0,3.6877857142857153,0.0124322006627552
#c259710\14,14,C:\Users\michris\Desktop\xy_early_prediction\data\Early prediction\Video\#c259710\14.mp4,"3-14,1000.xlsx","C:\Users\michris\Desktop\xy_early_prediction\data\Early prediction\Imaj\#c250710_x10000_15-5\3-14,1000.xlsx",14.0,3.747785714285714,0.0272730356718558
"#c259710\5,5","5,5","C:\Users\michris\Desktop\xy_early_prediction\data\Early prediction\Video\#c259710\5,5.mp4","20-5_5,1000.xlsx","C:\Users\michris\Desktop\xy_early_prediction\data\Early prediction\Imaj\#c250710_x10000_15-5\20-5_5,1000.xlsx",5.5,2.332517006802721,0.0336182189487587
#c259710\5,5,C:\Users\michris\Desktop\xy_early_prediction\data\Early prediction\Video\#c259710\5.mp4,"21-5,1000.xlsx","C:\Users\michris\Desktop\xy_early_prediction\data\Early prediction\Imaj\#c250710_x10000_15-5\21-5,1000.xlsx",5.0,2.1165986394557823,0.0606503464843245
#c259710\6.5,6.5,C:\Users\michris\Desktop\xy_early_prediction\data\Early prediction\Video\#c259710\6.5.mp4,"18-6_5,1000.xlsx","C:\Users\michris\Desktop\xy_early_prediction\data\Early prediction\Imaj\#c250710_x10000_15-5\18-6_5,1000.xlsx",6.5,2.653214285714286,0.0342131908406291
#c259710\6,6,C:\Users\michris\Desktop\xy_early_prediction\data\Early prediction\Video\#c259710\6.mp4,"19-6,1000.xlsx","C:\Users\michris\Desktop\xy_early_prediction\data\Early prediction\Imaj\#c250710_x10000_15-5\19-6,1000.xlsx",6.0,2.5370714285714286,0.0561922337348854
"#c259710\7,5","7,5","C:\Users\michris\Desktop\xy_early_prediction\data\Early prediction\Video\#c259710\7,5.mp4","16-7_5,1000.xlsx","C:\Users\michris\Desktop\xy_early_prediction\data\Early prediction\Imaj\#c250710_x10000_15-5\16-7_5,1000.xlsx",7.5,2.88312925170068,0.0283081406320638
#c259710\7,7,C:\Users\michris\Desktop\xy_early_prediction\data\Early prediction\Video\#c259710\7.mp4,"17-7,1000.xlsx","C:\Users\michris\Desktop\xy_early_prediction\data\Early prediction\Imaj\#c250710_x10000_15-5\17-7,1000.xlsx",7.0,2.763571428571429,0.0352633182098733
"#c259710\8,5","8,5","C:\Users\michris\Desktop\xy_early_prediction\data\Early prediction\Video\#c259710\8,5.mp4","14-8_5,1000.xlsx","C:\Users\michris\Desktop\xy_early_prediction\data\Early prediction\Imaj\#c250710_x10000_15-5\14-8_5,1000.xlsx",8.5,3.049319727891157,0.0171643855749966
#c259710\8,8,C:\Users\michris\Desktop\xy_early_prediction\data\Early prediction\Video\#c259710\8.mp4,"15-8,1000.xlsx","C:\Users\michris\Desktop\xy_early_prediction\data\Early prediction\Imaj\#c250710_x10000_15-5\15-8,1000.xlsx",8.0,2.9495918367346943,0.0291517593446142
"#c259710\9,5","9,5","C:\Users\michris\Desktop\xy_early_prediction\data\Early prediction\Video\#c259710\9,5.mp4","12-9_5,1000.xlsx","C:\Users\michris\Desktop\xy_early_prediction\data\Early prediction\Imaj\#c250710_x10000_15-5\12-9_5,1000.xlsx",9.5,3.1993197278911567,0.0270585874090891
"#d250710\10,5","10,5","C:\Users\michris\Desktop\xy_early_prediction\data\Early prediction\Video\#d250710\10,5.mp4","10-10_5,1000.xlsx","C:\Users\michris\Desktop\xy_early_prediction\data\Early prediction\Imaj\#d250710_x10000_15-5\10-10_5,1000.xlsx",10.5,3.438911564625851,0.0362612537405659
"#d250710\12,5","12,5","C:\Users\michris\Desktop\xy_early_prediction\data\Early prediction\Video\#d250710\12,5.mp4","6-12_5,1000.xlsx","C:\Users\michris\Desktop\xy_early_prediction\data\Early prediction\Imaj\#d250710_x10000_15-5\6-12_5,1000.xlsx",12.5,3.7081632653061223,0.0324859242898817
#d250710\12,12,C:\Users\michris\Desktop\xy_early_prediction\data\Early prediction\Video\#d250710\12.mp4,"7-12,1000.xlsx","C:\Users\michris\Desktop\xy_early_prediction\data\Early prediction\Imaj\#d250710_x10000_15-5\7-12,1000.xlsx",12.0,3.65047619047619,0.0335252975860215
#d250710\13,13,C:\Users\michris\Desktop\xy_early_prediction\data\Early prediction\Video\#d250710\13.mp4,"5-13,1000.xlsx","C:\Users\michris\Desktop\xy_early_prediction\data\Early prediction\Imaj\#d250710_x10000_15-5\5-13,1000.xlsx",13.0,3.7634285714285713,0.0335010460423119
"#d250710\14,5","14,5","C:\Users\michris\Desktop\xy_early_prediction\data\Early prediction\Video\#d250710\14,5.mp4","2-14_5,1000.xlsx","C:\Users\michris\Desktop\xy_early_prediction\data\Early prediction\Imaj\#d250710_x10000_15-5\2-14_5,1000.xlsx",14.5,3.889591836734694,0.0292077109511982
#d250710\14,14,C:\Users\michris\Desktop\xy_early_prediction\data\Early prediction\Video\#d250710\14.mp4,"3-14,1000.xlsx","C:\Users\michris\Desktop\xy_early_prediction\data\Early prediction\Imaj\#d250710_x10000_15-5\3-14,1000.xlsx",14.0,3.874285714285714,0.0387145770318923
#d250710\5,5,C:\Users\michris\Desktop\xy_early_prediction\data\Early prediction\Video\#d250710\5.mp4,"21-5,1000.xlsx","C:\Users\michris\Desktop\xy_early_prediction\data\Early prediction\Imaj\#d250710_x10000_15-5\21-5,1000.xlsx",5.0,2.072108843537414,0.0357074823451956
"#d250710\6,5","6,5","C:\Users\michris\Desktop\xy_early_prediction\data\Early prediction\Video\#d250710\6,5.mp4","18-6_5,1000.xlsx","C:\Users\michris\Desktop\xy_early_prediction\data\Early prediction\Imaj\#d250710_x10000_15-5\18-6_5,1000.xlsx",6.5,2.668214285714285,0.0449916450054979
#d250710\6,6,C:\Users\michris\Desktop\xy_early_prediction\data\Early prediction\Video\#d250710\6.mp4,"19-6,1000.xlsx","C:\Users\michris\Desktop\xy_early_prediction\data\Early prediction\Imaj\#d250710_x10000_15-5\19-6,1000.xlsx",6.0,2.5665,0.031165939573093
#d250710\7,7,C:\Users\michris\Desktop\xy_early_prediction\data\Early prediction\Video\#d250710\7.mp4,"17-7,1000.xlsx","C:\Users\michris\Desktop\xy_early_prediction\data\Early prediction\Imaj\#d250710_x10000_15-5\17-7,1000.xlsx",7.0,2.7942857142857145,0.027963456281691
#d250710\8,8,C:\Users\michris\Desktop\xy_early_prediction\data\Early prediction\Video\#d250710\8.mp4,"15-8,1000.xlsx","C:\Users\michris\Desktop\xy_early_prediction\data\Early prediction\Imaj\#d250710_x10000_15-5\15-8,1000.xlsx",8.0,3.067619047619048,0.0248847684473911
"#d250710\9,5","9,5","C:\Users\michris\Desktop\xy_early_prediction\data\Early prediction\Video\#d250710\9,5.mp4","12-9_5,1000.xlsx","C:\Users\michris\Desktop\xy_early_prediction\data\Early prediction\Imaj\#d250710_x10000_15-5\12-9_5,1000.xlsx",9.5,3.2946938775510204,0.0265081537596159
#d250710\9,9,C:\Users\michris\Desktop\xy_early_prediction\data\Early prediction\Video\#d250710\9.mp4,"13-9,1000.xlsx","C:\Users\michris\Desktop\xy_early_prediction\data\Early prediction\Imaj\#d250710_x10000_15-5\13-9,1000.xlsx",9.0,3.201360544217688,0.0363527956718381
