video_id,true_z_phys,final_pred_z_phys,final_abs_err_z,ept_pct,ept_found
"#250617Video(14-21)#\18,5",4.1512856,4.157152,0.0058665276,91.33858267716536,True
#250617Video(14-21)#\18,4.1057143,4.1962748,0.090560436,100.0,False
"#250617Video(14-21)#\20,5",4.271905,3.909237,0.36266804,100.0,False
#250617Video(14-21)#\20,4.242449,4.08828,0.1541686,100.0,False
"#250627Video(3-15)#\12,5",3.6810884,3.6613932,0.019695282,100.0,True
#250627Video(3-15)#\13,3.7229285,3.6606123,0.06231618,100.0,False
"#250715Video(10-20)#\15,5",3.9396598,3.9373753,0.0022845268,96.85039370078741,True
#250715Video(10-20)#\16,3.962449,3.9756825,0.013233423,96.85039370078741,True
"@250624Video@\11,5",3.575238,3.1637862,0.41145182,100.0,False
"@250624Video@\12,5",3.7081633,3.089731,0.6184323,100.0,False
"@250624Video@\5,5",2.3491836,2.7188215,0.36963797,100.0,False
@250624Video@\9,3.2013605,3.3199525,0.118592024,100.0,False
#c259710\14,3.7477858,3.6116626,0.13612318,100.0,False
"#c259710\5,5",2.332517,2.4803357,0.1478188,100.0,False
"#c259710\7,5",2.8831294,3.2327158,0.3495865,100.0,False
"#c259710\8,5",3.0493197,3.629946,0.58062625,100.0,False
#d250710\13,3.7634287,3.1062016,0.65722704,100.0,False
"#d250710\14,5",3.889592,3.4786327,0.41095924,100.0,False
#d250710\5,2.0721087,2.9764583,0.90434957,100.0,False
"#d250710\6,5",2.6682143,2.7713575,0.103143215,100.0,False
#d250710\6,2.5665,2.5876918,0.021191835,100.0,True
#d250710\8,3.067619,3.0306344,0.036984682,100.0,True
