fold,epoch,train_loss,final_mae_z_phys,final_mae_std_z_phys,final_rmse_z_phys,final_bias_z_phys,mean_ept_pct,pct_videos_ept_found,ept_threshold_um,n_videos,n_frames,val_mae,best_val_mae_so_far,improved,epochs_without_improvement
3,1,0.32266566973356975,0.409707635641098,0.31979238986968994,0.5197379195941072,0.11587657779455185,100.0,9.090909090909092,0.05,22,128,0.409707635641098,0.409707635641098,True,0
3,2,0.2654761423667272,0.43512627482414246,0.2590068280696869,0.5063787614470338,0.01030030008405447,99.82104509663564,4.545454545454546,0.05,22,128,0.43512627482414246,0.409707635641098,False,1
3,3,0.2645491888924014,0.36312806606292725,0.29797691106796265,0.469736317237874,0.09589891880750656,99.92841803865426,22.727272727272727,0.05,22,128,0.36312806606292725,0.36312806606292725,True,0
3,4,0.2398497625475838,0.42054951190948486,0.3815746605396271,0.5678566351088853,0.22895461320877075,99.60629921259843,9.090909090909092,0.05,22,128,0.42054951190948486,0.36312806606292725,False,1
3,5,0.2715383384021975,0.354282945394516,0.25857916474342346,0.4386109993494729,0.01453583873808384,100.0,0.0,0.05,22,128,0.354282945394516,0.354282945394516,True,0
3,6,0.22615433400053353,0.3725012540817261,0.3263438940048218,0.49523480464822184,0.22678731381893158,100.0,9.090909090909092,0.05,22,128,0.3725012540817261,0.354282945394516,False,1
3,7,0.2279227648285173,0.29738762974739075,0.269601970911026,0.4014033280411419,-0.01700313575565815,99.85683607730851,18.181818181818183,0.05,22,128,0.29738762974739075,0.29738762974739075,True,0
3,8,0.21334821939290988,0.3313743770122528,0.31448787450790405,0.45684962453965555,0.1842535138130188,99.17680744452399,27.27272727272727,0.05,22,128,0.3313743770122528,0.29738762974739075,False,1
3,9,0.2063245660669747,0.358499139547348,0.31751832365989685,0.47889403347843734,0.23104320466518402,100.0,0.0,0.05,22,128,0.358499139547348,0.29738762974739075,False,2
3,10,0.23453589262706892,0.2970616817474365,0.26068809628486633,0.3952264232178671,0.01285842340439558,99.92841803865426,13.636363636363635,0.05,22,128,0.2970616817474365,0.2970616817474365,True,0
3,11,0.2050030678510666,0.38098543882369995,0.2717953324317932,0.46799850624000955,0.04575693607330322,100.0,4.545454545454546,0.05,22,128,0.38098543882369995,0.2970616817474365,False,1
3,12,0.18119033483699673,0.33796870708465576,0.31010523438453674,0.4586808032669578,0.15731006860733032,99.6420901932713,31.818181818181817,0.05,22,128,0.33796870708465576,0.2970616817474365,False,2
3,13,0.16557512866954008,0.2755032181739807,0.23921296000480652,0.36486279358266366,0.07255527377128601,99.24838940586973,18.181818181818183,0.05,22,128,0.2755032181739807,0.2755032181739807,True,0
3,14,0.1752344016872701,0.3289211392402649,0.2643299102783203,0.42197086869726136,0.06761462986469269,99.78525411596279,13.636363636363635,0.05,22,128,0.3289211392402649,0.2755032181739807,False,1
3,15,0.15635138652509167,0.3278767764568329,0.2621714770793915,0.4198059986719101,0.09159848093986511,99.67788117394416,4.545454545454546,0.05,22,128,0.3278767764568329,0.2755032181739807,False,2
3,16,0.16947646217332,0.2927343249320984,0.2401392012834549,0.37862936698584,0.028550440445542336,99.67788117394416,9.090909090909092,0.05,22,128,0.2927343249320984,0.2755032181739807,False,3
3,17,0.1593260250630833,0.3012470304965973,0.2942235469818115,0.4210905800383369,-0.153353750705719,99.78525411596279,18.181818181818183,0.05,22,128,0.3012470304965973,0.2755032181739807,False,4
3,18,0.17572737680304618,0.3459371328353882,0.31751033663749695,0.4695586223525965,0.17909115552902222,99.46313528990694,18.181818181818183,0.05,22,128,0.3459371328353882,0.2755032181739807,False,5
3,19,0.15617285943811848,0.2806554138660431,0.2610737979412079,0.3833105584130717,0.07925288379192352,99.85683607730851,18.181818181818183,0.05,22,128,0.2806554138660431,0.2755032181739807,False,6
3,20,0.13358808047182502,0.29249802231788635,0.2576877474784851,0.38981802555441436,0.11448761820793152,100.0,0.0,0.05,22,128,0.29249802231788635,0.2755032181739807,False,7
3,21,0.13139090757994426,0.2534962594509125,0.2511391341686249,0.3568349929070459,-0.007622924633324146,99.31997136721547,27.27272727272727,0.05,22,128,0.2534962594509125,0.2534962594509125,True,0
3,22,0.14301749957459314,0.30209970474243164,0.2721593976020813,0.4066140304502384,0.12444627285003662,99.53471725125269,27.27272727272727,0.05,22,128,0.30209970474243164,0.2534962594509125,False,1
3,23,0.12330786644348077,0.32431676983833313,0.31203576922416687,0.45005302911473705,0.2328818440437317,100.0,18.181818181818183,0.05,22,128,0.32431676983833313,0.2534962594509125,False,2
3,24,0.15662299664247603,0.310019850730896,0.2719445824623108,0.41239078911129917,0.16174060106277466,99.96420901932714,18.181818181818183,0.05,22,128,0.310019850730896,0.2534962594509125,False,3
3,25,0.13150808432449898,0.3287469148635864,0.23751229047775269,0.4055695153128012,-0.006845615338534117,99.67788117394416,9.090909090909092,0.05,22,128,0.3287469148635864,0.2534962594509125,False,4
3,26,0.14618797289828458,0.29534050822257996,0.26379650831222534,0.39599823862946015,-0.14596234261989594,99.92841803865426,9.090909090909092,0.05,22,128,0.29534050822257996,0.2534962594509125,False,5
3,27,0.12185763381421566,0.3274795711040497,0.2669254541397095,0.42248320007217277,0.050267186015844345,99.96420901932714,4.545454545454546,0.05,22,128,0.3274795711040497,0.2534962594509125,False,6
3,28,0.13820415717505274,0.32557228207588196,0.2541984021663666,0.4130546431715574,0.04579490050673485,100.0,0.0,0.05,22,128,0.32557228207588196,0.2534962594509125,False,7
3,29,0.11677443502204758,0.29081791639328003,0.25203701853752136,0.3848346319136773,0.054251376539468765,99.85683607730851,22.727272727272727,0.05,22,128,0.29081791639328003,0.2534962594509125,False,8
3,30,0.10857390381750606,0.30315640568733215,0.2835557758808136,0.4150996264979613,0.14234472811222076,99.71367215461704,18.181818181818183,0.05,22,128,0.30315640568733215,0.2534962594509125,False,9
3,31,0.12000993084872053,0.32063063979148865,0.27878525853157043,0.4248826054113735,0.15476270020008087,99.74946313528993,18.181818181818183,0.05,22,128,0.32063063979148865,0.2534962594509125,False,10
3,32,0.11337854283019191,0.2826271653175354,0.23412784934043884,0.3670067646731035,0.028645288199186325,99.82104509663564,13.636363636363635,0.05,22,128,0.2826271653175354,0.2534962594509125,False,11
3,33,0.10390371589788369,0.3044082522392273,0.24888476729393005,0.39320227128907675,0.08068644255399704,100.0,13.636363636363635,0.05,22,128,0.3044082522392273,0.2534962594509125,False,12
3,34,0.12271181028336287,0.2828417420387268,0.2742373049259186,0.39396133428096675,-0.059428442269563675,100.0,13.636363636363635,0.05,22,128,0.2828417420387268,0.2534962594509125,False,13
3,35,0.11709392132858436,0.3081354796886444,0.275390625,0.41326442316481904,0.09879551082849503,99.74946313528993,22.727272727272727,0.05,22,128,0.3081354796886444,0.2534962594509125,False,14
3,36,0.10337270982563496,0.2842195928096771,0.2317631095647812,0.36673548451791704,0.03049078769981861,99.85683607730851,13.636363636363635,0.05,22,128,0.2842195928096771,0.2534962594509125,False,15
